seq,tick,day,round,cash,cash_free,neg_points,ladder_points,duel_points,mm_points
9,161,2026-10-03,2,260,126,0.0,0.0,0.0,0.0
18,162,2026-10-03,2,260,126,0.0,0.0,0.0,0.0
32,169,2026-10-03,2,418,284,3.4,0.0,0.0,0.0
44,170,2026-10-03,2,418,284,3.4,0.0,0.0,0.0
56,171,2026-10-03,2,418,284,3.4,0.0,0.0,0.0
70,172,2026-10-03,2,418,284,3.4,0.0,0.0,0.0
80,173,2026-10-03,2,418,284,3.4,0.0,0.0,0.0
92,174,2026-10-03,2,418,284,3.4,0.0,0.0,0.0
103,175,2026-10-03,2,418,284,3.4,0.0,0.0,0.0
114,176,2026-10-03,2,418,284,3.4,0.0,0.0,0.0
125,177,2026-10-03,2,418,284,3.4,0.0,0.0,0.0
136,178,2026-10-03,2,418,284,3.4,0.0,0.0,0.0
143,179,2026-10-03,2,418,284,3.4,0.0,0.0,0.0
153,187,2026-10-03,2,418,169,3.4,0.0,0.0,0.0
160,188,2026-10-03,2,418,169,3.4,0.0,0.0,0.0
179,189,2026-10-03,2,418,169,3.4,0.0,0.0,0.0
188,190,2026-10-03,2,418,158,3.4,0.0,0.0,0.0
197,191,2026-10-03,2,418,76,3.4,0.0,0.0,0.0
202,192,2026-10-03,2,418,97,3.4,0.0,0.0,0.0
205,193,2026-10-03,2,418,97,3.4,0.0,0.0,0.0
208,194,2026-10-03,2,418,97,3.4,0.0,0.0,0.0
220,198,2026-10-03,2,418,284,3.4,0.0,0.0,0.0
223,199,2026-10-03,2,418,169,3.4,0.0,0.0,0.0
230,200,2026-10-03,2,418,169,3.4,0.0,0.0,0.0
235,201,2026-10-03,2,418,158,3.4,0.0,0.0,0.0
240,202,2026-10-03,2,418,287,3.4,0.0,0.0,0.0
245,203,2026-10-03,2,418,204,3.4,0.0,0.0,0.0
251,204,2026-10-03,2,418,94,3.4,0.0,0.0,0.0
255,205,2026-10-03,2,396,0,3.4,0.016,0.0,0.0
258,206,2026-10-03,2,310,6,3.4,0.029,0.0,0.0
263,207,2026-10-03,2,310,19,3.4,0.029,0.0,0.0
268,208,2026-10-03,2,310,109,3.4,0.029,0.0,0.0
273,209,2026-10-03,2,310,193,3.4,0.029,0.0,0.0
279,210,2026-10-03,2,310,110,3.4,0.029,0.0,0.0
285,211,2026-10-03,2,301,19,3.4,0.043,0.0,0.0
291,212,2026-10-03,2,301,-56,3.4,0.043,0.0,0.0
295,213,2026-10-03,2,215,-47,3.4,0.058,0.0,0.0
300,214,2026-10-03,2,215,0,3.4,0.058,0.0,0.0
306,215,2026-10-03,2,206,55,3.4,0.076,0.0,0.0
311,216,2026-10-03,2,206,136,3.4,0.076,0.0,0.0
316,217,2026-10-03,2,206,131,3.4,0.076,0.0,0.0
321,218,2026-10-03,2,206,120,3.4,0.076,0.0,0.0
327,219,2026-10-03,2,206,87,3.4,0.076,0.0,0.0
332,220,2026-10-03,2,196,65,3.4,0.076,0.0,0.0
336,221,2026-10-03,2,196,99,3.4,0.076,0.0,0.0
339,222,2026-10-03,2,196,134,3.4,0.076,0.0,0.0
343,223,2026-10-03,2,196,152,3.4,0.076,0.0,0.0
347,224,2026-10-03,2,187,137,3.4,0.078,0.0,0.0
350,225,2026-10-03,2,187,133,3.4,0.078,0.0,0.0
353,226,2026-10-03,2,187,144,3.4,0.078,0.0,0.0
356,227,2026-10-03,2,187,138,3.4,0.078,0.0,0.0
360,228,2026-10-03,2,187,99,3.4,0.078,0.0,0.0
363,229,2026-10-03,2,165,30,3.4,0.078,0.0,0.0
366,230,2026-10-03,2,116,46,53.4,0.078,0.0,0.0
367,231,2026-10-03,2,116,86,53.4,0.078,0.0,0.0
368,232,2026-10-03,2,116,106,53.4,0.078,0.0,0.0
369,233,2026-10-03,2,116,106,53.4,0.078,0.0,0.0
370,234,2026-10-03,2,116,106,53.4,0.078,0.0,0.0
371,235,2026-10-03,2,116,106,53.4,0.078,0.0,0.0
372,236,2026-10-03,2,116,106,53.4,0.078,0.0,0.0
373,237,2026-10-03,2,116,106,53.4,0.078,0.0,0.0
388,238,2026-10-03,2,116,106,53.4,0.078,0.0,0.0
393,239,2026-10-03,2,116,106,53.4,0.078,0.0,0.0
394,240,2026-10-03,2,116,106,53.4,0.078,0.0,0.0
395,241,2026-10-03,2,116,106,53.4,0.078,0.0,0.0
396,242,2026-10-03,2,116,106,53.4,0.078,0.0,0.0
397,243,2026-10-03,2,116,106,53.4,0.078,0.0,0.0
398,244,2026-10-03,2,116,106,53.4,0.078,0.0,0.0
399,245,2026-10-03,2,116,106,53.4,0.078,0.0,0.0
400,246,2026-10-03,2,116,106,53.4,0.078,0.0,0.0
401,247,2026-10-03,2,116,106,53.4,0.078,0.0,0.0
402,248,2026-10-03,2,116,106,53.4,0.078,0.0,0.0
403,249,2026-10-03,2,116,106,53.4,0.078,0.0,0.0
412,250,2026-10-03,2,116,106,53.4,0.078,0.0,0.0
417,251,2026-10-03,2,116,106,53.4,0.078,0.0,0.0
418,252,2026-10-03,2,116,106,53.4,0.078,0.0,0.0
419,253,2026-10-03,2,116,106,53.4,0.078,0.0,0.0
420,254,2026-10-03,2,116,106,53.4,0.078,0.0,0.0
421,255,2026-10-03,2,116,106,53.4,0.078,0.0,0.0
422,256,2026-10-03,2,116,106,53.4,0.078,0.0,0.0
423,257,2026-10-03,2,116,106,53.4,0.078,0.0,0.0
424,258,2026-10-03,2,116,106,53.4,0.078,0.0,0.0
425,259,2026-10-03,2,116,106,53.4,0.078,0.0,0.0
426,260,2026-10-03,2,116,106,53.4,0.078,0.0,0.0
433,261,2026-10-03,2,116,106,53.4,0.078,0.0,0.0
434,262,2026-10-03,2,116,106,53.4,0.078,0.0,0.0
435,263,2026-10-03,2,116,106,53.4,0.078,0.0,0.0
436,264,2026-10-03,2,116,106,53.4,0.078,0.0,0.0
437,265,2026-10-03,2,116,106,53.4,0.078,0.0,0.0
444,282,2026-10-03,2,116,106,53.4,0.078,0.0,0.0
445,283,2026-10-03,2,116,106,53.4,0.078,0.0,0.0
446,284,2026-10-03,2,116,106,53.4,0.078,0.0,0.0
447,285,2026-10-03,2,116,106,53.4,0.078,0.0,0.0
448,286,2026-10-03,2,116,106,53.4,0.078,0.0,0.0
449,287,2026-10-03,2,116,106,53.4,0.078,0.0,0.0
450,288,2026-10-03,2,116,106,53.4,0.078,0.0,0.0
451,289,2026-10-03,2,116,106,53.4,0.078,0.0,0.0
452,290,2026-10-03,2,116,106,53.4,0.078,0.0,0.0
453,291,2026-10-03,2,116,106,53.4,0.078,0.0,0.0
454,292,2026-10-03,2,116,106,53.4,0.078,0.0,0.0
455,293,2026-10-03,2,116,106,53.4,0.078,0.0,0.0
456,294,2026-10-03,2,116,106,53.4,0.078,0.0,0.0
457,295,2026-10-03,2,116,106,53.4,0.078,0.0,0.0
458,296,2026-10-03,2,116,106,53.4,0.078,0.0,0.0
459,297,2026-10-03,2,116,106,53.4,0.078,0.0,0.0
460,298,2026-10-03,2,116,106,53.4,0.078,0.0,0.0
469,299,2026-10-03,2,116,106,53.4,0.078,0.0,0.0
474,300,2026-10-03,2,116,106,53.4,0.078,0.0,0.0
475,301,2026-10-03,2,116,106,53.4,0.078,0.0,0.0
476,302,2026-10-03,2,116,106,53.4,0.078,0.0,0.0
477,303,2026-10-03,2,116,106,53.4,0.078,0.0,0.0
478,304,2026-10-03,2,116,106,53.4,0.078,0.0,0.0
479,305,2026-10-03,2,116,106,53.4,0.078,0.0,0.0
480,306,2026-10-03,2,116,106,53.4,0.078,0.0,0.0
481,307,2026-10-03,2,116,106,53.4,0.078,0.0,0.0
482,308,2026-10-03,2,116,106,53.4,0.078,0.0,0.0
483,309,2026-10-03,2,116,106,53.4,0.078,0.0,0.0
484,310,2026-10-03,2,116,106,53.4,0.078,0.0,0.0
493,311,2026-10-03,2,116,106,53.4,0.078,0.0,0.0
498,312,2026-10-03,2,116,106,53.4,0.078,0.0,0.0
499,313,2026-10-03,2,116,106,53.4,0.078,0.0,0.0
500,314,2026-10-03,2,116,106,53.4,0.078,0.0,0.0
501,315,2026-10-03,2,116,106,53.4,0.078,0.0,0.0
502,316,2026-10-03,2,116,106,53.4,0.078,0.0,0.0
503,317,2026-10-03,2,116,106,53.4,0.078,0.0,0.0
504,318,2026-10-03,2,116,106,53.4,0.078,0.0,0.0
505,319,2026-10-03,2,116,106,53.4,0.078,0.0,0.0
506,320,2026-10-03,2,116,106,53.4,0.078,0.0,0.0
507,321,2026-10-03,2,116,106,53.4,0.078,0.0,0.0
508,322,2026-10-03,2,116,106,53.4,0.078,0.0,0.0
509,323,2026-10-03,2,116,106,53.4,0.078,0.0,0.0
510,324,2026-10-03,2,116,106,53.4,0.078,0.0,0.0
511,325,2026-10-03,2,116,106,53.4,0.078,0.0,0.0
512,326,2026-10-03,2,116,106,53.4,0.078,0.0,0.0
513,327,2026-10-03,2,116,106,53.4,0.078,0.0,0.0
514,328,2026-10-03,2,116,106,53.4,0.078,0.0,0.0
515,329,2026-10-03,2,116,106,53.4,0.078,0.0,0.0
516,330,2026-10-03,2,116,106,53.4,0.078,0.0,0.0
517,331,2026-10-03,2,116,106,53.4,0.078,0.0,0.0
518,332,2026-10-03,2,116,106,53.4,0.078,0.0,0.0
519,333,2026-10-03,2,116,106,53.4,0.078,0.0,0.0
520,334,2026-10-03,2,116,106,53.4,0.078,0.0,0.0
521,335,2026-10-03,2,116,106,53.4,0.078,0.0,0.0
528,340,2026-10-03,2,116,106,53.4,0.078,0.0,0.0
529,341,2026-10-03,2,116,106,53.4,0.078,0.0,0.0
530,342,2026-10-03,2,116,106,53.4,0.078,0.0,0.0
531,343,2026-10-03,2,116,106,53.4,0.078,0.0,0.0
532,344,2026-10-03,2,116,106,53.4,0.078,0.0,0.0
533,345,2026-10-03,2,116,106,53.4,0.078,0.0,0.0
534,346,2026-10-03,2,116,106,53.4,0.078,0.0,0.0
535,347,2026-10-03,2,116,106,53.4,0.078,0.0,0.0
536,348,2026-10-03,2,116,106,53.4,0.078,0.0,0.0
537,349,2026-10-03,2,116,106,53.4,0.078,0.0,0.0
538,350,2026-10-03,2,116,106,53.4,0.078,0.0,0.0
539,351,2026-10-03,2,116,106,53.4,0.078,0.0,0.0
540,352,2026-10-03,2,116,106,53.4,0.078,0.0,0.0
542,353,2026-10-03,2,125,115,55.4,0.078,0.0,0.0
543,354,2026-10-03,2,125,115,55.4,0.078,0.0,0.0
544,355,2026-10-03,2,125,115,55.4,0.078,0.0,0.0
545,356,2026-10-03,2,125,115,55.4,0.078,0.0,0.0
546,357,2026-10-03,2,125,115,55.4,0.078,0.0,0.0
547,358,2026-10-03,2,125,115,55.4,0.078,0.0,0.0
548,359,2026-10-03,2,125,115,55.4,0.078,0.0,0.0
557,360,2026-10-03,2,125,115,55.4,0.078,0.0,0.0
562,361,2026-10-03,2,125,115,55.4,0.078,0.0,0.0
563,362,2026-10-03,2,125,115,55.4,0.078,0.0,0.0
564,363,2026-10-03,2,125,115,55.4,0.078,0.0,0.0
565,364,2026-10-03,2,125,115,55.4,0.078,0.0,0.0
566,365,2026-10-03,2,125,115,55.4,0.078,0.0,0.0
567,366,2026-10-03,2,125,115,55.4,0.078,0.0,0.0
568,367,2026-10-03,2,125,115,55.4,0.078,0.0,0.0
569,368,2026-10-03,2,125,115,55.4,0.078,0.0,0.0
570,369,2026-10-03,2,125,115,55.4,0.078,0.0,0.0
571,370,2026-10-03,2,125,115,55.4,0.078,0.0,0.0
572,371,2026-10-03,2,125,115,55.4,0.078,0.0,0.0
581,372,2026-10-03,2,125,115,55.4,0.078,0.0,0.0
584,373,2026-10-03,2,125,115,55.4,0.078,0.0,0.0
585,374,2026-10-03,2,125,115,55.4,0.078,0.0,0.0
586,375,2026-10-03,2,125,115,55.4,0.078,0.0,0.0
587,376,2026-10-03,2,125,115,55.4,0.078,0.0,0.0
588,377,2026-10-03,2,125,115,55.4,0.078,0.0,0.0
589,378,2026-10-03,2,125,115,55.4,0.078,0.0,0.0
590,379,2026-10-03,2,125,115,55.4,0.078,0.0,0.0
591,380,2026-10-03,2,125,115,55.4,0.078,0.0,0.0
592,381,2026-10-03,2,125,115,55.4,0.078,0.0,0.0
608,382,2026-10-03,2,125,115,55.4,0.078,0.0,0.0
621,383,2026-10-03,2,125,115,55.4,0.078,0.0,0.0
626,384,2026-10-03,2,125,115,55.4,0.078,0.0,0.0
635,385,2026-10-03,2,125,115,55.4,0.078,0.0,0.0
640,386,2026-10-03,2,125,115,55.4,0.078,0.0,0.0
641,387,2026-10-03,2,125,115,55.4,0.078,0.0,0.0
642,388,2026-10-03,2,125,115,55.4,0.078,0.0,0.0
643,389,2026-10-03,2,125,115,55.4,0.078,0.0,0.0
653,393,2026-10-03,2,125,115,55.4,0.078,0.0,0.0
654,394,2026-10-03,2,125,115,55.4,0.078,0.0,0.0
655,395,2026-10-03,2,125,115,55.4,0.078,0.0,0.0
656,396,2026-10-03,2,125,115,55.4,0.078,0.0,0.0
657,397,2026-10-03,2,125,115,55.4,0.078,0.0,0.0
658,398,2026-10-03,2,125,115,55.4,0.078,0.0,0.0
659,399,2026-10-03,2,125,115,55.4,0.078,0.0,0.0
660,400,2026-10-03,2,125,115,55.4,0.078,0.0,0.0
661,401,2026-10-03,2,125,115,55.4,0.078,0.0,0.0
662,402,2026-10-03,2,125,115,55.4,0.078,0.0,0.0
663,403,2026-10-03,2,125,115,55.4,0.078,0.0,0.0
675,404,2026-10-03,2,125,115,55.4,0.078,0.0,0.0
679,405,2026-10-03,2,125,115,55.4,0.078,0.0,0.0
689,406,2026-10-03,2,125,115,55.4,0.078,0.0,0.0
693,407,2026-10-03,2,125,115,55.4,0.078,0.0,0.0
697,408,2026-10-03,2,125,115,55.4,0.078,0.0,0.0
710,409,2026-10-03,2,125,115,55.4,0.078,0.0,0.0
713,410,2026-10-03,2,125,115,55.4,0.078,0.0,0.0
714,411,2026-10-03,2,125,115,55.4,0.078,0.0,0.0
715,412,2026-10-03,2,125,115,55.4,0.078,0.0,0.0
716,413,2026-10-03,2,125,115,55.4,0.078,0.0,0.0
717,414,2026-10-03,2,125,115,55.4,0.078,0.0,0.0
718,415,2026-10-03,2,125,115,55.4,0.078,0.0,0.0
719,416,2026-10-03,2,125,115,55.4,0.078,0.0,0.0
720,417,2026-10-03,2,125,115,55.4,0.078,0.0,0.0
721,418,2026-10-03,2,125,115,55.4,0.078,0.0,0.0
722,419,2026-10-03,2,125,115,55.4,0.078,0.0,0.0
723,420,2026-10-03,2,125,115,55.4,0.078,0.0,0.0
732,421,2026-10-03,2,125,115,55.4,0.078,0.0,0.0
737,422,2026-10-03,2,125,115,55.4,0.078,0.0,0.0
738,423,2026-10-03,2,125,115,55.4,0.078,0.0,0.0
739,424,2026-10-03,2,125,115,55.4,0.078,0.0,0.0
740,425,2026-10-03,2,125,115,55.4,0.078,0.0,0.0
741,426,2026-10-03,2,125,115,55.4,0.078,0.0,0.0
742,427,2026-10-03,2,125,115,55.4,0.078,0.0,0.0
743,428,2026-10-03,2,125,115,55.4,0.078,0.0,0.0
744,429,2026-10-03,2,125,115,55.4,0.078,0.0,0.0
745,430,2026-10-03,2,125,115,55.4,0.078,0.0,0.0
746,431,2026-10-03,2,125,115,55.4,0.078,0.0,0.0
747,432,2026-10-03,2,125,115,55.4,0.078,0.0,0.0
748,433,2026-10-03,2,125,115,55.4,0.078,0.0,0.0
749,434,2026-10-03,2,125,115,55.4,0.078,0.0,0.0
750,435,2026-10-03,2,125,115,55.4,0.078,0.0,0.0
751,436,2026-10-03,2,125,115,55.4,0.078,0.0,0.0
752,437,2026-10-03,2,125,115,55.4,0.078,0.0,0.0
753,438,2026-10-03,2,125,115,55.4,0.078,0.0,0.0
754,439,2026-10-03,2,125,115,55.4,0.078,0.0,0.0
755,440,2026-10-03,2,125,115,55.4,0.078,0.0,0.0
756,441,2026-10-03,2,125,115,55.4,0.078,0.0,0.0
757,442,2026-10-03,2,125,115,55.4,0.078,0.0,0.0
758,443,2026-10-03,2,125,115,55.4,0.078,0.0,0.0
759,444,2026-10-03,2,125,115,55.4,0.078,0.0,0.0
760,445,2026-10-03,2,125,115,55.4,0.078,0.0,0.0
761,446,2026-10-03,2,125,115,55.4,0.078,0.0,0.0
766,447,2026-10-03,2,125,115,55.4,0.078,0.0,0.0
767,448,2026-10-03,2,125,115,55.4,0.078,0.0,0.0
768,449,2026-10-03,2,125,115,55.4,0.078,0.0,0.0
769,450,2026-10-03,2,125,115,55.4,0.078,0.0,0.0
770,451,2026-10-03,2,125,115,55.4,0.078,0.0,0.0
771,452,2026-10-03,2,125,115,55.4,0.078,0.0,0.0
772,453,2026-10-03,2,125,115,55.4,0.078,0.0,0.0
773,454,2026-10-03,2,125,115,55.4,0.078,0.0,0.0
774,455,2026-10-03,2,125,115,55.4,0.078,0.0,0.0
775,456,2026-10-03,2,125,115,55.4,0.078,0.0,0.0
776,457,2026-10-03,2,125,115,55.4,0.078,0.0,0.0
777,458,2026-10-03,2,125,115,55.4,0.078,0.0,0.0
784,459,2026-10-03,2,125,115,55.4,0.078,0.0,0.0
785,460,2026-10-03,2,125,115,55.4,0.078,0.0,0.0
792,461,2026-10-03,2,125,115,55.4,0.078,0.0,0.0
795,462,2026-10-03,2,125,115,55.4,0.078,0.0,0.0
798,463,2026-10-03,2,125,115,55.4,0.078,0.0,0.0
803,464,2026-10-03,2,125,115,55.4,0.078,0.0,0.0
808,465,2026-10-03,2,125,115,55.4,0.078,0.0,0.0
811,466,2026-10-03,2,125,115,55.4,0.078,0.0,0.0
818,467,2026-10-03,2,125,115,55.4,0.078,0.0,0.0
823,468,2026-10-03,2,125,115,55.4,0.078,0.0,0.0
827,469,2026-10-03,2,125,115,55.4,0.078,0.39,0.0
833,470,2026-10-03,2,125,115,55.4,0.078,0.95,0.0
838,471,2026-10-03,2,125,115,55.4,0.078,0.95,0.0
844,472,2026-10-03,2,125,115,55.4,0.078,1.21,0.0
851,473,2026-10-03,2,125,115,55.4,0.078,1.21,0.0
858,474,2026-10-03,2,125,115,55.4,0.078,1.21,0.0
861,475,2026-10-03,2,125,115,55.4,0.078,1.21,0.0
868,476,2026-10-03,2,125,115,55.4,0.078,1.21,0.0
869,477,2026-10-03,2,125,115,55.4,0.078,1.21,0.0
876,478,2026-10-03,2,125,115,55.4,0.078,1.21,0.0
877,479,2026-10-03,2,125,115,55.4,0.078,1.21,0.0
884,480,2026-10-03,2,125,115,55.4,0.078,1.21,0.0
891,481,2026-10-03,2,125,115,55.4,0.078,1.21,0.0
907,482,2026-10-03,2,125,115,55.4,0.078,1.57,0.0
917,483,2026-10-03,2,125,115,55.4,0.078,2.01,0.0
924,484,2026-10-03,2,125,115,55.4,0.078,2.01,0.0
927,485,2026-10-03,2,125,115,55.4,0.078,2.01,0.0
933,486,2026-10-03,2,125,115,55.4,0.078,2.18,0.0
938,487,2026-10-03,2,125,115,55.4,0.078,2.18,0.0
946,488,2026-10-03,2,125,115,55.4,0.078,2.64,0.0
953,489,2026-10-03,2,125,115,55.4,0.078,2.64,0.0
960,490,2026-10-03,2,125,115,55.4,0.078,2.64,0.0
967,491,2026-10-03,2,125,115,55.4,0.078,2.64,0.0
970,492,2026-10-03,2,125,115,55.4,0.078,2.64,0.0
973,493,2026-10-03,2,125,115,55.4,0.078,2.64,0.0
976,494,2026-10-03,2,125,115,55.4,0.078,2.64,0.0
980,495,2026-10-03,2,125,115,55.4,0.078,3.27,0.0
983,496,2026-10-03,2,125,115,55.4,0.078,3.27,0.0
989,497,2026-10-03,2,125,115,55.4,0.078,3.41,0.0
994,498,2026-10-03,2,125,115,55.4,0.078,3.41,0.0
997,499,2026-10-03,2,125,115,55.4,0.078,3.41,0.0
1004,500,2026-10-03,2,125,115,55.4,0.078,3.41,0.0
1010,501,2026-10-03,2,125,115,55.4,0.078,3.41,0.0
1018,502,2026-10-03,2,125,115,55.4,0.078,3.41,0.0
1033,503,2026-10-03,2,125,115,55.4,0.078,3.41,0.0
1038,504,2026-10-03,2,125,115,55.4,0.078,3.41,0.0
1045,505,2026-10-03,2,125,115,55.4,0.078,3.41,0.0
1053,506,2026-10-03,2,125,115,55.4,0.078,3.41,0.0
1060,507,2026-10-03,2,125,115,55.4,0.078,3.41,0.0
1070,508,2026-10-03,2,195,185,90.4,0.078,3.41,0.0
1076,509,2026-10-03,2,195,185,90.4,0.078,3.64,0.0
1079,510,2026-10-03,2,195,185,90.4,0.078,3.64,0.0
1085,511,2026-10-03,2,195,185,90.4,0.078,4.01,0.0
1088,512,2026-10-03,2,195,185,90.4,0.078,4.01,0.0
1089,513,2026-10-03,2,195,185,90.4,0.078,4.01,0.0
1095,514,2026-10-03,2,195,185,90.4,0.078,4.52,0.0
1098,515,2026-10-03,2,195,185,90.4,0.078,4.52,0.0
1105,516,2026-10-03,2,195,185,90.4,0.078,4.52,0.0
1108,517,2026-10-03,2,195,185,90.4,0.078,4.52,0.0
1115,518,2026-10-03,2,195,185,90.4,0.078,4.52,0.0
1121,519,2026-10-03,2,195,185,90.4,0.078,4.89,0.0
1128,520,2026-10-03,2,195,185,90.4,0.078,4.89,0.0
1134,521,2026-10-03,2,195,185,90.4,0.078,5.44,0.0
1139,522,2026-10-03,2,195,185,90.4,0.078,5.44,0.0
1146,523,2026-10-03,2,195,185,90.4,0.078,5.44,0.0
1151,524,2026-10-03,2,195,185,90.4,0.078,5.44,0.0
1159,525,2026-10-03,2,195,185,90.4,0.078,5.69,0.0
1166,526,2026-10-03,2,195,185,90.4,0.078,5.69,0.0
1172,527,2026-10-03,2,195,185,90.4,0.078,6.39,0.0
1179,528,2026-10-03,2,195,185,90.4,0.078,6.39,0.0
1184,529,2026-10-03,2,195,185,90.4,0.078,6.39,0.0
1197,530,2026-10-03,2,195,185,90.4,0.078,6.39,0.0
1202,531,2026-10-03,2,195,185,90.4,0.078,6.39,0.0
1207,532,2026-10-03,2,195,185,90.4,0.078,6.39,0.0
1210,533,2026-10-03,2,195,185,90.4,0.078,6.39,0.0
1218,534,2026-10-03,2,195,185,90.4,0.078,6.74,0.0
1223,535,2026-10-03,2,195,185,90.4,0.078,6.74,0.0
1230,536,2026-10-03,2,195,185,90.4,0.078,6.74,0.0
1235,537,2026-10-03,2,195,185,90.4,0.078,6.74,0.0
1242,538,2026-10-03,2,195,185,90.4,0.078,6.74,0.0
1250,539,2026-10-03,2,195,185,90.4,0.078,7.21,0.0
1253,540,2026-10-03,2,195,185,90.4,0.078,7.21,0.0
1257,541,2026-10-03,2,195,185,90.4,0.078,7.84,0.0
1262,542,2026-10-03,2,195,185,90.4,0.078,7.84,0.0
1274,543,2026-10-03,2,195,185,90.4,0.078,8.22,0.0
1282,544,2026-10-03,2,195,185,90.4,0.078,8.61,0.0
1287,545,2026-10-03,2,195,185,90.4,0.078,8.61,0.0
1294,546,2026-10-03,2,195,185,90.4,0.078,8.61,0.0
1299,547,2026-10-03,2,195,185,90.4,0.078,8.61,0.0
1304,548,2026-10-03,2,195,185,90.4,0.078,8.61,0.0
1309,549,2026-10-03,2,195,185,90.4,0.078,8.61,0.0
1317,550,2026-10-03,2,195,185,90.4,0.078,9.09,0.0
1324,551,2026-10-03,2,195,185,90.4,0.078,9.09,0.0
1331,552,2026-10-03,2,195,185,90.4,0.078,9.09,0.0
1338,553,2026-10-03,2,195,185,90.4,0.078,9.09,0.0
1343,554,2026-10-03,2,195,185,90.4,0.078,9.09,0.0
1346,555,2026-10-03,2,195,185,90.4,0.078,9.09,0.0
1352,556,2026-10-03,2,195,185,90.4,0.078,9.09,0.0
1359,557,2026-10-03,2,195,185,90.4,0.078,9.09,0.0
1366,558,2026-10-03,2,195,185,90.4,0.078,9.09,0.0
1369,559,2026-10-03,2,195,185,90.4,0.078,9.09,0.0
1375,560,2026-10-03,2,195,185,90.4,0.078,9.63,0.0
1379,561,2026-10-03,2,195,185,90.4,0.078,10.18,0.0
1382,562,2026-10-03,2,195,185,90.4,0.078,10.18,0.0
1385,563,2026-10-03,2,195,185,90.4,0.078,10.18,0.0
1392,564,2026-10-03,2,195,185,90.4,0.078,10.18,0.0
1394,565,2026-10-03,2,195,185,90.4,0.078,10.73,0.0
1397,566,2026-10-03,2,195,185,90.4,0.078,10.73,0.0
1400,567,2026-10-03,2,195,185,90.4,0.078,10.73,0.0
1405,568,2026-10-03,2,195,185,90.4,0.078,10.73,0.0
1412,569,2026-10-03,2,195,185,90.4,0.078,10.73,0.0
1415,570,2026-10-03,2,195,185,90.4,0.078,10.73,0.0
1418,571,2026-10-03,2,195,185,90.4,0.078,10.73,0.0
1421,572,2026-10-03,2,195,185,90.4,0.078,10.73,0.0
1424,573,2026-10-03,2,195,185,90.4,0.078,10.73,0.0
1427,574,2026-10-03,2,195,185,90.4,0.078,10.73,0.0
1430,575,2026-10-03,2,195,185,90.4,0.078,10.73,0.0
1435,576,2026-10-03,2,195,185,90.4,0.078,10.73,0.0
1439,577,2026-10-03,2,195,185,90.4,0.078,10.73,0.0
1443,578,2026-10-03,2,195,185,90.4,0.078,10.73,0.0
1447,579,2026-10-03,2,195,185,90.4,0.078,11.62,0.0
1452,580,2026-10-03,2,195,185,90.4,0.078,11.62,0.0
1454,581,2026-10-03,2,195,185,90.4,0.078,12.29,0.0
1455,582,2026-10-03,2,195,185,90.4,0.078,12.29,0.0
1456,583,2026-10-03,2,195,185,90.4,0.078,12.29,0.0
1457,584,2026-10-03,2,195,185,90.4,0.078,12.29,0.0
1458,585,2026-10-03,2,195,185,90.4,0.078,12.29,0.0
1459,586,2026-10-03,2,195,185,90.4,0.078,12.29,0.0
1461,587,2026-10-03,2,195,185,90.4,0.078,12.29,0.0
1462,588,2026-10-03,2,195,185,90.4,0.078,12.29,0.0
1463,589,2026-10-03,2,195,185,90.4,0.078,12.29,0.0
1464,590,2026-10-03,2,195,185,90.4,0.078,12.29,0.0
1473,591,2026-10-03,2,195,185,90.4,0.078,12.29,0.0
1476,592,2026-10-03,2,195,185,90.4,0.078,12.29,0.0
1481,593,2026-10-03,2,195,185,90.4,0.078,12.29,0.0
1484,594,2026-10-03,2,195,185,90.4,0.078,12.29,0.0
1487,595,2026-10-03,2,195,185,90.4,0.078,12.29,0.0
1490,596,2026-10-03,2,195,185,90.4,0.078,12.29,0.0
1491,597,2026-10-03,2,195,185,90.4,0.078,12.29,0.0
1492,598,2026-10-03,2,195,185,90.4,0.078,12.29,0.0
1493,599,2026-10-03,2,195,185,90.4,0.078,12.29,0.0
1494,600,2026-10-03,2,195,185,90.4,0.078,12.29,0.0
1495,601,2026-10-03,2,195,185,90.4,0.078,12.29,0.0
1496,602,2026-10-03,2,195,185,90.4,0.078,12.29,0.0
1497,603,2026-10-03,2,195,185,90.4,0.078,12.29,0.0
1508,604,2026-10-03,2,195,185,90.4,0.078,12.29,0.0
1514,605,2026-10-03,2,195,185,90.4,0.078,12.67,0.0
1519,606,2026-10-03,2,195,185,90.4,0.078,12.67,0.0
1523,607,2026-10-03,2,195,185,90.4,0.078,13.07,0.0
1526,608,2026-10-03,2,195,185,90.4,0.078,13.07,0.0
1529,609,2026-10-03,2,195,185,90.4,0.078,13.07,0.0
1532,610,2026-10-03,2,195,185,90.4,0.078,13.07,0.0
1535,611,2026-10-03,2,195,185,90.4,0.078,13.07,0.0
1538,612,2026-10-03,2,195,185,90.4,0.078,13.07,0.0
1541,613,2026-10-03,2,195,185,90.4,0.078,13.07,0.0
1544,614,2026-10-03,2,195,185,90.4,0.078,13.07,0.0
1547,615,2026-10-03,2,195,185,90.4,0.078,13.07,0.0
1550,616,2026-10-03,2,195,185,90.4,0.078,13.07,0.0
1553,617,2026-10-03,2,195,185,90.4,0.078,13.07,0.0
1554,618,2026-10-03,2,195,185,90.4,0.078,13.07,0.0
1555,619,2026-10-03,2,195,185,90.4,0.078,13.07,0.0
1556,620,2026-10-03,2,195,185,90.4,0.078,13.07,0.0
1559,621,2026-10-03,2,195,185,90.4,0.078,13.07,0.0
1560,622,2026-10-03,2,195,185,90.4,0.078,13.07,0.0
1561,623,2026-10-03,2,195,185,90.4,0.078,13.07,0.0
1563,624,2026-10-03,2,195,185,90.4,0.078,13.07,0.0
1570,625,2026-10-03,2,195,185,90.4,0.078,13.07,0.0
1575,626,2026-10-03,2,195,185,90.4,0.078,13.07,0.0
1576,627,2026-10-03,2,195,185,90.4,0.078,13.07,0.0
1580,628,2026-10-03,2,195,185,90.4,0.078,13.07,0.0
1581,629,2026-10-03,2,195,185,90.4,0.078,13.07,0.0
1584,630,2026-10-03,2,195,185,90.4,0.078,13.07,0.0
1603,630,2026-10-03,2,195,185,90.4,0.078,13.07,0.0
1607,631,2026-10-03,2,195,185,90.4,0.078,13.07,0.0
1611,632,2026-10-03,2,195,185,90.4,0.078,13.07,0.0
1615,633,2026-10-03,2,195,185,90.4,0.078,13.07,0.0
1619,634,2026-10-03,2,195,185,90.4,0.078,13.07,0.0
1625,635,2026-10-03,2,195,185,90.4,0.078,13.07,0.0
1631,636,2026-10-03,2,195,185,90.4,0.078,13.07,0.0
1637,637,2026-10-03,2,195,185,90.4,0.078,13.07,0.0
1652,638,2026-10-03,2,195,185,90.4,0.078,13.07,0.0
1657,639,2026-10-03,2,195,185,90.4,0.078,13.07,0.0
1662,640,2026-10-03,2,195,185,90.4,0.078,13.07,0.0
1667,641,2026-10-03,2,195,185,90.4,0.078,13.07,0.0
1674,642,2026-10-03,2,195,185,90.4,0.078,13.07,0.0
1681,643,2026-10-03,2,195,185,90.4,0.078,13.07,0.0
1698,644,2026-10-03,2,195,185,90.4,0.078,13.07,0.0
1704,645,2026-10-03,2,219,209,106.3,0.078,13.07,0.0
1710,646,2026-10-03,2,219,209,106.3,0.078,13.07,0.0
1715,647,2026-10-03,2,219,209,106.3,0.078,13.07,0.0
1718,648,2026-10-03,2,219,209,106.3,0.078,13.07,0.0
1720,649,2026-10-03,2,219,209,106.3,0.078,13.07,0.0
1727,650,2026-10-03,2,219,209,106.3,0.078,13.07,0.0
1728,651,2026-10-03,2,219,209,106.3,0.078,13.07,0.0
1729,652,2026-10-03,2,219,209,106.3,0.078,13.07,0.0
1734,653,2026-10-03,2,219,209,106.3,0.078,13.07,0.0
1736,654,2026-10-03,2,219,209,106.3,0.078,13.07,0.0
1737,655,2026-10-03,2,219,209,106.3,0.078,13.07,0.0
1738,656,2026-10-03,2,219,209,106.3,0.078,13.07,0.0
1739,657,2026-10-03,2,219,209,106.3,0.078,13.07,0.0
1740,658,2026-10-03,2,219,209,106.3,0.078,13.07,0.0
1758,664,2026-10-03,2,219,209,106.3,0.078,13.07,0.0
1767,665,2026-10-03,2,219,209,106.3,0.078,13.07,0.0
1778,666,2026-10-03,2,219,209,106.3,0.078,13.07,0.0
1779,667,2026-10-03,2,219,209,106.3,0.078,13.07,0.0
1780,668,2026-10-03,2,219,209,106.3,0.078,13.07,0.0
1781,669,2026-10-03,2,219,209,106.3,0.078,13.07,0.0
1782,670,2026-10-03,2,219,209,106.3,0.078,13.07,0.0
1783,671,2026-10-03,2,219,209,106.3,0.078,13.07,0.0
1784,672,2026-10-03,2,219,209,106.3,0.078,13.07,0.0
1785,673,2026-10-03,2,219,209,106.3,0.078,13.07,0.0
1786,674,2026-10-03,2,219,209,106.3,0.078,13.07,0.0
1787,675,2026-10-03,2,219,209,106.3,0.078,13.07,0.0
1788,676,2026-10-03,2,219,209,106.3,0.078,13.07,0.0
1789,677,2026-10-03,2,219,209,106.3,0.078,13.07,0.0
1790,678,2026-10-03,2,219,209,106.3,0.078,13.07,0.0
1791,679,2026-10-03,2,219,209,106.3,0.078,13.07,0.0
1792,680,2026-10-03,2,219,209,106.3,0.078,13.07,0.0
1793,681,2026-10-03,2,219,209,106.3,0.078,13.07,0.0
1794,682,2026-10-03,2,219,209,106.3,0.078,13.07,0.0
1795,683,2026-10-03,2,219,209,106.3,0.078,13.07,0.0
1796,684,2026-10-03,2,219,209,106.3,0.078,13.07,0.0
1797,685,2026-10-03,2,219,209,106.3,0.078,13.07,0.0
1800,686,2026-10-03,2,219,209,106.3,0.078,13.07,0.0
1801,687,2026-10-03,2,219,209,106.3,0.078,13.07,0.0
1802,688,2026-10-03,2,219,209,106.3,0.078,13.07,0.0
1803,689,2026-10-03,2,219,209,106.3,0.078,13.07,0.0
1804,690,2026-10-03,2,219,209,106.3,0.078,13.07,0.0
1805,691,2026-10-03,2,219,209,106.3,0.078,13.07,0.0
1806,692,2026-10-03,2,219,209,106.3,0.078,13.07,0.0
1807,693,2026-10-03,2,219,209,106.3,0.078,13.07,0.0
1808,694,2026-10-03,2,219,209,106.3,0.078,13.07,0.0
1809,695,2026-10-03,2,219,209,106.3,0.078,13.07,0.0
1810,696,2026-10-03,2,219,209,106.3,0.078,13.07,0.0
1811,697,2026-10-03,2,219,209,106.3,0.078,13.07,0.0
1812,698,2026-10-03,2,219,209,106.3,0.078,13.07,0.0
1813,699,2026-10-03,2,219,209,106.3,0.078,13.07,0.0
1814,700,2026-10-03,2,219,209,106.3,0.078,13.07,0.0
1815,701,2026-10-03,2,219,209,106.3,0.078,13.07,0.0
1816,702,2026-10-03,2,219,209,106.3,0.078,13.07,0.0
1817,703,2026-10-03,2,219,209,106.3,0.078,13.07,0.0
1818,704,2026-10-03,2,219,209,106.3,0.078,13.07,0.0
1819,705,2026-10-03,2,219,209,106.3,0.078,13.07,0.0
1820,706,2026-10-03,2,219,209,106.3,0.078,13.07,0.0
1825,707,2026-10-03,2,219,209,106.3,0.078,13.07,0.0
1826,708,2026-10-03,2,219,209,106.3,0.078,13.07,0.0
1827,709,2026-10-03,2,219,209,106.3,0.078,13.07,0.0
1828,710,2026-10-03,2,219,209,106.3,0.078,13.07,0.0
1829,711,2026-10-03,2,219,209,106.3,0.078,13.07,0.0
1830,712,2026-10-03,2,219,209,106.3,0.078,13.07,0.0
1831,713,2026-10-03,2,219,209,106.3,0.078,13.07,0.0
1832,714,2026-10-03,2,219,209,106.3,0.078,13.07,0.0
1833,715,2026-10-03,2,219,209,106.3,0.078,13.07,0.0
1834,716,2026-10-03,2,219,209,106.3,0.078,13.07,0.0
1835,717,2026-10-03,2,219,209,106.3,0.078,13.07,0.0
1836,718,2026-10-03,2,219,209,106.3,0.078,13.07,0.0
1837,719,2026-10-03,2,219,209,106.3,0.078,13.07,0.0
1838,720,2026-10-03,2,219,209,106.3,0.078,13.07,0.0
1839,721,2026-10-03,2,219,209,106.3,0.078,13.07,0.0
1840,722,2026-10-03,2,219,209,106.3,0.078,13.07,0.0
1841,723,2026-10-03,2,219,209,106.3,0.078,13.07,0.0
1846,724,2026-10-03,2,219,209,106.3,0.078,13.07,0.0
1858,725,2026-10-03,2,219,209,106.3,0.078,13.07,0.0
1867,726,2026-10-03,2,219,209,106.3,0.078,13.07,0.0
1872,727,2026-10-03,2,219,209,106.3,0.078,13.07,0.0
1875,728,2026-10-03,2,219,209,106.3,0.078,13.07,0.0
1876,729,2026-10-03,2,219,209,106.3,0.078,13.07,0.0
1877,730,2026-10-03,2,219,209,106.3,0.078,13.07,0.0
1887,736,2026-10-03,2,219,209,106.3,0.078,13.07,0.0
1891,737,2026-10-03,2,219,209,106.3,0.078,13.07,0.0
1892,738,2026-10-03,2,219,209,106.3,0.078,13.07,0.0
1893,739,2026-10-03,2,219,209,106.3,0.078,13.07,0.0
1898,740,2026-10-03,2,219,209,106.3,0.078,13.07,0.0
1899,741,2026-10-03,2,235,225,106.3,0.078,13.07,0.0
1901,742,2026-10-03,2,235,225,106.3,0.078,13.07,0.0
1902,743,2026-10-03,2,235,225,106.3,0.078,13.07,0.0
1904,744,2026-10-03,2,235,225,106.3,0.078,13.07,0.0
1905,745,2026-10-03,2,235,225,106.3,0.078,13.07,0.0
1906,746,2026-10-03,2,235,225,106.3,0.078,13.07,0.0
1909,747,2026-10-03,2,235,225,106.3,0.078,13.07,0.0
1910,748,2026-10-03,2,235,225,106.3,0.078,13.07,0.0
1911,749,2026-10-03,2,235,225,106.3,0.078,13.07,0.0
1912,750,2026-10-03,2,235,225,106.3,0.078,13.07,0.0
1913,751,2026-10-03,2,235,225,106.3,0.078,13.07,0.0
1914,752,2026-10-03,2,235,225,106.3,0.078,13.07,0.0
1915,753,2026-10-03,2,235,225,106.3,0.078,13.07,0.0
1916,754,2026-10-03,2,235,225,106.3,0.078,13.07,0.0
1926,755,2026-10-03,2,235,225,106.3,0.078,13.07,0.0
1927,756,2026-10-03,2,235,225,106.3,0.078,13.07,0.0
1928,757,2026-10-03,2,235,225,106.3,0.078,13.07,0.0
1929,758,2026-10-03,2,235,225,106.3,0.078,13.07,0.0
1930,759,2026-10-03,2,235,225,106.3,0.078,13.07,0.0
1931,760,2026-10-03,2,235,225,106.3,0.078,13.07,0.0
1932,761,2026-10-03,2,235,225,106.3,0.078,13.07,0.0
1933,762,2026-10-03,2,235,225,106.3,0.078,13.07,0.0
1936,763,2026-10-03,2,235,225,106.3,0.078,13.07,0.0
1943,764,2026-10-03,2,235,225,106.3,0.078,13.07,0.0
1944,765,2026-10-03,2,235,225,106.3,0.078,13.07,0.0
1945,766,2026-10-03,2,235,225,106.3,0.078,13.07,0.0
1946,767,2026-10-03,2,235,225,106.3,0.078,13.07,0.0
1951,768,2026-10-03,2,235,225,106.3,0.078,13.07,0.0
1952,769,2026-10-03,2,235,225,106.3,0.078,13.07,0.0
1953,770,2026-10-03,2,235,225,106.3,0.078,13.07,0.0
1954,771,2026-10-03,2,235,225,106.3,0.078,13.07,0.0
1955,772,2026-10-03,2,235,225,106.3,0.078,13.07,0.0
1956,773,2026-10-03,2,235,225,106.3,0.078,13.07,0.0
1957,774,2026-10-03,2,235,225,106.3,0.078,13.07,0.0
1958,775,2026-10-03,2,235,225,106.3,0.078,13.07,0.0
1959,776,2026-10-03,2,235,225,106.3,0.078,13.07,0.0
1960,777,2026-10-03,2,235,225,106.3,0.078,13.07,0.0
1961,778,2026-10-03,2,235,225,106.3,0.078,13.07,0.0
1962,779,2026-10-03,2,235,225,106.3,0.078,13.07,0.0
1963,780,2026-10-03,2,235,225,106.3,0.078,13.07,0.0
1964,781,2026-10-03,2,235,225,106.3,0.078,13.07,0.0
1965,782,2026-10-03,2,235,225,106.3,0.078,13.07,0.0
1966,783,2026-10-03,2,235,225,106.3,0.078,13.07,0.0
1967,784,2026-10-03,2,235,225,106.3,0.078,13.07,0.0
1968,785,2026-10-03,2,235,225,106.3,0.078,13.07,0.0
1977,786,2026-10-03,2,235,225,106.3,0.078,13.07,0.0
1986,787,2026-10-03,2,235,225,106.3,0.078,13.07,0.0
1991,788,2026-10-03,2,235,225,106.3,0.078,13.07,0.0
1992,789,2026-10-03,2,235,225,106.3,0.078,13.07,0.0
1993,790,2026-10-03,2,235,225,106.3,0.078,13.07,0.0
1994,791,2026-10-03,2,235,225,106.3,0.078,13.07,0.0
1995,792,2026-10-03,2,235,225,106.3,0.078,13.07,0.0
1996,793,2026-10-03,2,235,225,106.3,0.078,13.07,0.0
1997,794,2026-10-03,2,235,225,106.3,0.078,13.07,0.0
1998,795,2026-10-03,2,235,225,106.3,0.078,13.07,0.0
1999,796,2026-10-03,2,235,225,106.3,0.078,13.07,0.0
2000,797,2026-10-03,2,235,225,106.3,0.078,13.07,0.0
2001,798,2026-10-03,2,235,225,106.3,0.078,13.07,0.0
2002,799,2026-10-03,2,235,225,106.3,0.078,13.07,0.0
2003,800,2026-10-03,2,235,225,106.3,0.078,13.07,0.0
2004,801,2026-10-03,2,235,225,106.3,0.078,13.07,0.0
2005,802,2026-10-03,2,235,225,106.3,0.078,13.07,0.0
2006,803,2026-10-03,2,235,225,106.3,0.078,13.07,0.0
2007,804,2026-10-03,2,235,225,106.3,0.078,13.07,0.0
2008,805,2026-10-03,2,235,225,106.3,0.078,13.07,0.0
2009,806,2026-10-03,2,235,225,106.3,0.078,13.07,0.0
2010,807,2026-10-03,2,235,225,106.3,0.078,13.07,0.0
2013,808,2026-10-03,2,235,225,106.3,0.078,13.07,0.0
2014,809,2026-10-03,2,235,225,106.3,0.078,13.07,0.0
2015,810,2026-10-03,2,235,225,106.3,0.078,13.07,0.0
2016,811,2026-10-03,2,235,225,106.3,0.078,13.07,0.0
2017,812,2026-10-03,2,235,225,106.3,0.078,13.07,0.0
2018,813,2026-10-03,2,235,225,106.3,0.078,13.07,0.0
2019,814,2026-10-03,2,235,225,106.3,0.078,13.07,0.0
2020,815,2026-10-03,2,235,225,106.3,0.078,13.07,0.0
2021,816,2026-10-03,2,235,225,106.3,0.078,13.07,0.0
2022,817,2026-10-03,2,235,225,106.3,0.078,13.07,0.0
2023,818,2026-10-03,2,235,225,106.3,0.078,13.07,0.0
2024,819,2026-10-03,2,235,225,106.3,0.078,13.07,0.0
2025,820,2026-10-03,2,235,225,106.3,0.078,13.07,0.0
2026,821,2026-10-03,2,235,225,106.3,0.078,13.07,0.0
2027,822,2026-10-03,2,235,225,106.3,0.078,13.07,0.0
2028,823,2026-10-03,2,235,225,106.3,0.078,13.07,0.0
2029,824,2026-10-03,2,235,225,106.3,0.078,13.07,0.0
2036,825,2026-10-03,2,235,225,106.3,0.078,13.07,0.0
2037,826,2026-10-03,2,235,225,106.3,0.078,13.07,0.0
2038,827,2026-10-03,2,235,225,106.3,0.078,13.07,0.0
2039,828,2026-10-03,2,235,225,106.3,0.078,13.07,0.0
2044,829,2026-10-03,2,235,225,106.3,0.078,13.07,0.0
2045,830,2026-10-03,2,235,225,106.3,0.078,13.07,0.0
2046,831,2026-10-03,2,235,225,106.3,0.078,13.07,0.0
2047,832,2026-10-03,2,235,225,106.3,0.078,13.07,0.0
2048,833,2026-10-03,2,235,225,106.3,0.078,13.07,0.0
2049,834,2026-10-03,2,235,225,106.3,0.078,13.07,0.0
2050,835,2026-10-03,2,235,225,106.3,0.078,13.07,0.0
2051,836,2026-10-03,2,235,225,106.3,0.078,13.07,0.0
2052,837,2026-10-03,2,235,225,106.3,0.078,13.07,0.0
2053,838,2026-10-03,2,235,225,106.3,0.078,13.07,0.0
2054,839,2026-10-03,2,235,225,106.3,0.078,13.07,0.0
2055,840,2026-10-03,2,235,225,106.3,0.078,13.07,0.0
2056,841,2026-10-03,2,235,225,106.3,0.078,13.07,0.0
2057,842,2026-10-03,2,235,225,106.3,0.078,13.07,0.0
2058,843,2026-10-03,2,235,225,106.3,0.078,13.07,0.0
2059,844,2026-10-03,2,235,225,106.3,0.078,13.07,0.0
2060,845,2026-10-03,2,235,225,106.3,0.078,13.07,0.0
2061,846,2026-10-03,2,235,225,106.3,0.078,13.07,0.0
2070,847,2026-10-03,2,235,225,106.3,0.078,13.07,0.0
2079,848,2026-10-03,2,235,225,106.3,0.078,13.07,0.0
2084,849,2026-10-03,2,235,225,106.3,0.078,13.07,0.0
2085,850,2026-10-03,2,235,225,106.3,0.078,13.07,0.0
2086,851,2026-10-03,2,235,225,106.3,0.078,13.07,0.0
2087,852,2026-10-03,2,235,225,106.3,0.078,13.07,0.0
2088,853,2026-10-03,2,235,225,106.3,0.078,13.07,0.0
2089,854,2026-10-03,2,235,225,106.3,0.078,13.07,0.0
2090,855,2026-10-03,2,235,225,106.3,0.078,13.07,0.0
2091,856,2026-10-03,2,235,225,106.3,0.078,13.07,0.0
2092,857,2026-10-03,2,235,225,106.3,0.078,13.07,0.0
2093,858,2026-10-03,2,235,225,106.3,0.078,13.07,0.0
2094,859,2026-10-03,2,235,225,106.3,0.078,13.07,0.0
2095,860,2026-10-03,2,235,225,106.3,0.078,13.07,0.0
2096,861,2026-10-03,2,235,225,106.3,0.078,13.07,0.0
2097,862,2026-10-03,2,235,225,106.3,0.078,13.07,0.0
2098,863,2026-10-03,2,235,225,106.3,0.078,13.07,0.0
2099,864,2026-10-03,2,235,225,106.3,0.078,13.07,0.0
2100,865,2026-10-03,2,235,225,106.3,0.078,13.07,0.0
2101,866,2026-10-03,2,235,225,106.3,0.078,13.07,0.0
2102,867,2026-10-03,2,235,225,106.3,0.078,13.07,0.0
2108,868,2026-10-03,2,235,185,106.3,0.078,13.07,0.0
2111,869,2026-10-03,2,235,185,106.3,0.078,13.07,0.0
2112,870,2026-10-03,2,235,185,106.3,0.078,13.07,0.0
2113,871,2026-10-03,2,235,185,106.3,0.078,13.07,0.0
2114,872,2026-10-03,2,235,185,106.3,0.078,13.07,0.0
2136,873,2026-10-03,2,235,185,106.3,0.078,13.07,0.0
2137,874,2026-10-03,2,235,185,106.3,0.078,13.07,0.0
2138,875,2026-10-03,2,235,185,106.3,0.078,13.07,0.0
2139,876,2026-10-03,2,235,185,106.3,0.078,13.07,0.0
2144,877,2026-10-03,2,235,185,106.3,0.078,13.07,0.0
2149,878,2026-10-03,2,235,185,106.3,0.078,13.07,0.0
2154,879,2026-10-03,2,235,185,106.3,0.078,13.07,0.0
2162,880,2026-10-03,2,235,185,106.3,0.078,13.07,0.0
2167,881,2026-10-03,2,235,185,106.3,0.078,13.07,0.0
2172,882,2026-10-03,2,235,185,106.3,0.078,13.07,0.0
2177,883,2026-10-03,2,235,185,106.3,0.078,13.07,0.0
2182,884,2026-10-03,2,235,185,106.3,0.078,13.07,0.0
2187,885,2026-10-03,2,235,185,106.3,0.078,13.07,0.0
2192,886,2026-10-03,2,235,185,106.3,0.078,13.07,0.0
2197,887,2026-10-03,2,235,185,106.3,0.078,13.07,0.0
2202,888,2026-10-03,2,235,185,106.3,0.078,13.07,0.0
2207,889,2026-10-03,2,235,185,106.3,0.078,13.07,0.0
2212,890,2026-10-03,2,235,185,106.3,0.078,13.07,0.0
2217,891,2026-10-03,2,235,185,106.3,0.078,13.07,0.0
2222,892,2026-10-03,2,235,185,106.3,0.078,13.07,0.0
2227,893,2026-10-03,2,235,185,106.3,0.078,13.07,0.0
2232,894,2026-10-03,2,235,185,106.3,0.078,13.07,0.0
2237,895,2026-10-03,2,235,185,106.3,0.078,13.07,0.0
2242,896,2026-10-03,2,235,185,106.3,0.078,13.07,0.0
2247,897,2026-10-03,2,235,185,106.3,0.078,13.07,0.0
2252,898,2026-10-03,2,235,185,106.3,0.078,13.07,0.0
2257,899,2026-10-03,2,235,185,106.3,0.078,13.07,0.0
2262,900,2026-10-03,2,235,185,106.3,0.078,13.07,0.0
2267,901,2026-10-03,2,235,185,106.3,0.078,13.07,0.0
2272,902,2026-10-03,2,235,185,106.3,0.078,13.07,0.0
2277,903,2026-10-03,2,235,185,106.3,0.078,13.07,0.0
2283,904,2026-10-03,2,243,193,112.0,0.078,13.07,0.0
2288,905,2026-10-03,2,243,193,112.0,0.078,13.07,0.0
2293,906,2026-10-03,2,243,193,112.0,0.078,13.07,0.0
2298,907,2026-10-03,2,243,193,112.0,0.078,13.07,0.0
2303,908,2026-10-03,2,243,193,112.0,0.078,13.07,0.0
2308,909,2026-10-03,2,243,193,112.0,0.078,13.07,0.0
2313,910,2026-10-03,2,243,193,112.0,0.078,13.07,0.0
2318,911,2026-10-03,2,243,193,112.0,0.078,13.07,0.0
2323,912,2026-10-03,2,243,193,112.0,0.078,13.07,0.0
2328,913,2026-10-03,2,243,193,112.0,0.078,13.07,0.0
2333,914,2026-10-03,2,243,193,112.0,0.078,13.07,0.0
2351,919,2026-10-03,2,243,33,112.0,0.078,13.07,0.0
2356,920,2026-10-03,2,243,6,112.0,0.078,13.07,0.0
2363,921,2026-10-03,2,243,6,112.0,0.078,13.07,0.0
2370,922,2026-10-03,2,243,66,112.0,0.078,13.07,0.0
2377,923,2026-10-03,2,243,-52,112.0,0.078,13.07,0.0
2384,924,2026-10-03,2,243,-175,112.0,0.078,13.07,0.0
2390,925,2026-10-03,2,104,-305,112.0,0.15,13.07,0.0
2395,926,2026-10-03,2,104,-175,112.0,0.15,13.07,0.0
2400,927,2026-10-03,2,104,-42,112.0,0.15,13.07,0.0
2407,928,2026-10-03,2,104,36,112.0,0.15,13.07,0.0
2414,929,2026-10-03,2,104,21,112.0,0.15,13.07,0.0
2421,930,2026-10-03,2,104,28,112.0,0.15,13.07,0.0
2426,931,2026-10-03,2,104,-13,112.0,0.15,13.07,0.0
2433,932,2026-10-03,2,104,-13,112.0,0.15,13.07,0.0
2439,933,2026-10-03,2,104,-57,112.0,0.15,13.07,0.0
2445,934,2026-10-03,2,104,-12,112.0,0.15,13.07,0.0
2454,935,2026-10-03,2,104,-12,112.0,0.15,13.07,0.0
2460,936,2026-10-03,2,104,36,112.0,0.15,13.07,0.0
2466,937,2026-10-03,2,104,36,112.0,0.15,13.07,0.0
2471,938,2026-10-03,2,104,94,112.0,0.15,13.07,0.0
2476,939,2026-10-03,2,104,94,112.0,0.15,13.07,0.0
2481,940,2026-10-03,2,104,94,112.0,0.15,13.07,0.0
2489,941,2026-10-03,2,104,94,112.0,0.15,13.07,0.0
2494,942,2026-10-03,2,104,94,112.0,0.15,13.07,0.0
2497,943,2026-10-03,2,104,94,112.0,0.15,13.07,0.0
2498,944,2026-10-03,2,104,94,112.0,0.15,13.07,0.0
2499,945,2026-10-03,2,104,94,112.0,0.15,13.07,0.0
2500,946,2026-10-03,2,104,94,112.0,0.15,13.07,0.0
2501,947,2026-10-03,2,104,94,112.0,0.15,13.07,0.0
2504,948,2026-10-03,2,104,94,112.0,0.15,13.07,0.0
2505,949,2026-10-03,2,104,94,112.0,0.15,13.07,0.0
2506,950,2026-10-03,2,104,94,112.0,0.15,13.07,0.0
2507,951,2026-10-03,2,104,94,112.0,0.15,13.07,0.0
2508,952,2026-10-03,2,104,94,112.0,0.15,13.07,0.0
2509,953,2026-10-03,2,104,94,112.0,0.15,13.07,0.0
2510,954,2026-10-03,2,104,94,112.0,0.15,13.07,0.0
2511,955,2026-10-03,2,104,94,112.0,0.15,13.07,0.0
2512,956,2026-10-03,2,104,94,112.0,0.15,13.07,0.0
2513,957,2026-10-03,2,104,94,112.0,0.15,13.07,0.0
2514,958,2026-10-03,2,104,94,112.0,0.15,13.07,0.0
2515,959,2026-10-03,2,104,94,112.0,0.15,13.07,0.0
2531,964,2026-10-03,2,104,36,112.0,0.15,13.07,0.0
2538,965,2026-10-03,2,104,21,112.0,0.15,13.07,0.0
2548,966,2026-10-03,2,104,31,112.0,0.15,13.07,0.0
2554,967,2026-10-03,2,104,-8,112.0,0.15,13.07,0.0
2563,968,2026-10-03,2,104,-8,112.0,0.15,13.07,0.0
2572,969,2026-10-03,2,104,-8,112.0,0.15,13.07,0.0
2581,970,2026-10-03,2,104,37,112.0,0.15,13.07,0.0
2590,971,2026-10-03,2,104,37,112.0,0.15,13.07,0.0
2598,972,2026-10-03,2,104,94,112.0,0.15,13.07,0.0
2605,973,2026-10-03,2,104,94,112.0,0.15,13.07,0.0
2613,974,2026-10-03,2,104,94,112.0,0.15,13.07,0.0
2618,975,2026-10-03,2,104,94,112.0,0.15,13.07,0.0
2623,976,2026-10-03,2,104,94,112.0,0.15,13.07,0.0
2630,977,2026-10-03,2,104,94,112.0,0.15,13.07,0.0
2635,978,2026-10-03,2,104,94,112.0,0.15,13.07,0.0
2640,979,2026-10-03,2,104,94,112.0,0.15,13.07,0.0
2647,980,2026-10-03,2,104,94,112.0,0.15,13.07,0.0
2652,981,2026-10-03,2,104,94,112.0,0.15,13.07,0.0
2657,982,2026-10-03,2,104,94,112.0,0.15,13.07,0.0
2662,983,2026-10-03,2,104,94,112.0,0.15,13.07,0.0
2670,984,2026-10-03,2,104,94,112.0,0.15,13.07,0.0
2675,985,2026-10-03,2,104,94,112.0,0.15,13.07,0.0
2683,986,2026-10-03,2,104,94,112.0,0.15,13.07,0.0
2691,987,2026-10-03,2,104,94,112.0,0.15,13.07,0.0
2699,988,2026-10-03,2,104,94,112.0,0.15,13.07,0.0
2704,989,2026-10-03,2,104,94,112.0,0.15,13.07,0.0
2712,990,2026-10-03,2,104,94,112.0,0.15,13.07,0.0
2720,991,2026-10-03,2,104,94,112.0,0.15,13.07,0.0
2728,992,2026-10-03,2,104,94,112.0,0.15,13.07,0.0
2736,993,2026-10-03,2,104,94,112.0,0.15,13.07,0.0
2746,994,2026-10-03,2,303,133,112.0,0.214,13.07,0.0
2753,995,2026-10-03,2,303,106,112.0,0.214,13.07,0.0
2760,996,2026-10-03,2,303,119,112.0,0.214,13.07,0.0
2765,997,2026-10-03,2,303,-4,112.0,0.214,13.07,0.0
2772,998,2026-10-03,2,303,-4,112.0,0.214,13.07,0.0
2779,999,2026-10-03,2,303,30,112.0,0.214,13.07,0.0
2784,1000,2026-10-03,2,303,160,112.0,0.214,13.07,0.0
2789,1001,2026-10-03,2,303,160,112.0,0.214,13.07,0.0
2796,1002,2026-10-03,2,303,133,112.0,0.214,13.07,0.0
2803,1003,2026-10-03,2,303,106,112.0,0.214,13.07,0.0
2810,1004,2026-10-03,2,303,124,112.0,0.214,13.07,0.0
2816,1005,2026-10-03,2,303,4,112.0,0.214,13.07,0.0
2822,1006,2026-10-03,2,303,4,112.0,0.214,13.07,0.0
2828,1007,2026-10-03,2,303,4,112.0,0.214,13.07,0.0
2834,1008,2026-10-03,2,303,134,112.0,0.214,13.07,0.0
2840,1009,2026-10-03,2,303,134,112.0,0.214,13.07,0.0
2845,1010,2026-10-03,2,303,293,112.0,0.214,13.07,0.0
2850,1011,2026-10-03,2,303,293,112.0,0.214,13.07,0.0
2855,1012,2026-10-03,2,303,293,112.0,0.214,13.07,0.0
2860,1013,2026-10-03,2,303,293,112.0,0.214,13.07,0.0
2865,1014,2026-10-03,2,303,293,112.0,0.214,13.07,0.0
2870,1015,2026-10-03,2,303,293,112.0,0.214,13.07,0.0
2875,1016,2026-10-03,2,303,293,112.0,0.214,13.07,0.0
2889,1021,2026-10-03,2,303,293,112.0,0.214,13.07,0.0
2894,1022,2026-10-03,2,303,293,112.0,0.214,13.07,0.0
2899,1023,2026-10-03,2,303,293,112.0,0.214,13.07,0.0
2904,1024,2026-10-03,2,303,293,112.0,0.214,13.07,0.0
2909,1025,2026-10-03,2,303,293,112.0,0.214,13.07,0.0
2916,1026,2026-10-03,2,303,293,112.0,0.214,13.07,0.0
2921,1027,2026-10-03,2,303,293,112.0,0.214,13.07,0.0
2926,1028,2026-10-03,2,303,293,112.0,0.214,13.07,0.0
2934,1029,2026-10-03,2,303,133,112.0,0.214,13.07,0.0
2941,1030,2026-10-03,2,303,106,112.0,0.214,13.07,0.0
2948,1031,2026-10-03,2,303,126,112.0,0.214,13.07,0.0
2953,1032,2026-10-03,2,303,138,112.0,0.214,13.07,0.0
2960,1033,2026-10-03,2,303,138,112.0,0.214,13.07,0.0
2967,1034,2026-10-03,2,303,148,112.0,0.214,13.07,0.0
2974,1035,2026-10-03,2,164,18,112.0,0.286,13.07,0.0
2980,1036,2026-10-03,2,164,18,112.0,0.286,13.07,0.0
2989,1037,2026-10-03,2,164,18,112.0,0.286,13.07,0.0
2995,1038,2026-10-03,2,164,154,112.0,0.286,13.07,0.0
3001,1039,2026-10-03,2,164,154,112.0,0.286,13.07,0.0
3007,1040,2026-10-03,2,164,154,112.0,0.286,13.07,0.0
3013,1041,2026-10-03,2,164,154,112.0,0.286,13.07,0.0
3019,1042,2026-10-03,2,164,154,112.0,0.286,13.07,0.0
3034,1047,2026-10-03,2,164,154,112.0,0.286,13.07,0.0
3040,1048,2026-10-03,2,164,154,112.0,0.286,13.07,0.0
3046,1049,2026-10-03,2,164,154,112.0,0.286,13.07,0.0
3052,1050,2026-10-03,2,164,154,112.0,0.286,13.07,0.0
3058,1051,2026-10-03,2,164,154,112.0,0.286,13.07,0.0
3064,1052,2026-10-03,2,164,154,112.0,0.286,13.07,0.0
3072,1053,2026-10-03,2,164,96,112.0,0.286,13.07,0.0
3078,1054,2026-10-03,2,164,81,112.0,0.286,13.07,0.0
3086,1055,2026-10-03,2,164,81,112.0,0.286,13.07,0.0
3092,1056,2026-10-03,2,164,88,112.0,0.286,13.07,0.0
3100,1057,2026-10-03,2,164,88,112.0,0.286,13.07,0.0
3106,1058,2026-10-03,2,164,92,112.0,0.286,13.07,0.0
3114,1059,2026-10-03,2,164,92,112.0,0.286,13.07,0.0
3122,1060,2026-10-03,2,164,96,112.0,0.286,13.07,0.0
3131,1061,2026-10-03,2,164,44,112.0,0.286,13.07,0.0
3144,1067,2026-10-03,2,109,44,112.0,0.361,13.07,0.0
3151,1068,2026-10-03,2,109,52,112.0,0.361,13.07,0.0
3157,1069,2026-10-03,2,109,52,112.0,0.361,13.07,0.0
3163,1070,2026-10-03,2,109,52,112.0,0.361,13.07,0.0
3172,1071,2026-10-03,2,109,52,112.0,0.361,13.07,0.0
3180,1072,2026-10-03,2,109,52,112.0,0.361,13.07,0.0
3189,1073,2026-10-03,2,109,52,112.0,0.361,13.07,0.0
3198,1074,2026-10-03,2,109,52,112.0,0.361,13.07,0.0
3204,1075,2026-10-03,2,109,52,112.0,0.361,13.07,0.0
3213,1076,2026-10-03,2,109,99,112.0,0.361,13.07,0.0
3222,1077,2026-10-03,2,109,99,112.0,0.361,13.07,0.0
3231,1078,2026-10-03,2,109,99,112.0,0.361,13.07,0.0
3241,1079,2026-10-03,2,131,74,112.0,0.366,13.07,0.0
3247,1080,2026-10-03,2,131,74,112.0,0.366,13.07,0.0
3253,1081,2026-10-03,2,131,74,112.0,0.366,13.07,0.0
3259,1082,2026-10-03,2,131,74,112.0,0.366,13.07,0.0
3265,1083,2026-10-03,2,131,74,112.0,0.366,13.07,0.0
3271,1084,2026-10-03,2,131,74,112.0,0.366,13.07,0.0
3277,1085,2026-10-03,2,131,74,112.0,0.366,13.07,0.0
3283,1086,2026-10-03,2,131,74,112.0,0.366,13.07,0.0
3289,1087,2026-10-03,2,131,74,112.0,0.366,13.07,0.0
3295,1088,2026-10-03,2,131,74,112.0,0.366,13.07,0.0
3301,1089,2026-10-03,2,131,74,112.0,0.366,13.07,0.0
3307,1090,2026-10-03,2,131,74,112.0,0.366,13.07,0.0
3311,1091,2026-10-03,2,131,74,112.0,0.366,13.07,0.0
3313,1092,2026-10-03,2,131,74,112.0,0.366,13.07,0.0
3317,1093,2026-10-03,2,131,74,112.0,0.366,13.07,0.0
3319,1094,2026-10-03,2,131,74,112.0,0.366,13.07,0.0
3321,1095,2026-10-03,2,131,121,112.0,0.366,13.07,0.0
3323,1096,2026-10-03,2,131,121,112.0,0.366,13.07,0.0
3325,1097,2026-10-03,2,131,121,112.0,0.366,13.07,0.0
3327,1098,2026-10-03,2,131,121,112.0,0.366,13.07,0.0
3329,1099,2026-10-03,2,131,121,112.0,0.366,13.07,0.0
3334,1100,2026-10-03,2,131,121,112.0,0.366,13.07,0.0
3341,1101,2026-10-03,2,131,74,112.0,0.366,13.07,0.0
3347,1102,2026-10-03,2,131,74,112.0,0.366,13.07,0.0
3353,1103,2026-10-03,2,131,74,112.0,0.366,13.07,0.0
3362,1104,2026-10-03,2,131,74,112.0,0.366,13.07,0.0
3368,1105,2026-10-03,2,131,74,112.0,0.366,13.07,0.0
3377,1106,2026-10-03,2,131,74,112.0,0.366,13.07,0.0
3386,1107,2026-10-03,2,131,74,112.0,0.366,13.07,0.0
3395,1108,2026-10-03,2,131,74,112.0,0.366,13.07,0.0
3404,1109,2026-10-03,2,131,74,112.0,0.366,13.07,0.0
3413,1110,2026-10-03,2,131,74,112.0,0.366,13.07,0.0
3422,1111,2026-10-03,2,131,74,112.0,0.366,13.07,0.0
3431,1112,2026-10-03,2,131,74,112.0,0.366,13.07,0.0
3437,1113,2026-10-03,2,131,74,112.0,0.366,13.07,0.0
3443,1114,2026-10-03,2,131,74,112.0,0.366,13.07,0.0
3445,1115,2026-10-03,2,131,74,112.0,0.366,13.07,0.0
3447,1116,2026-10-03,2,131,74,112.0,0.366,13.07,0.0
3449,1117,2026-10-03,2,131,74,112.0,0.366,13.07,0.0
3453,1118,2026-10-03,2,131,74,112.0,0.366,13.07,0.0
3455,1119,2026-10-03,2,131,74,112.0,0.366,13.07,0.0
3470,1124,2026-10-03,2,131,74,112.0,0.366,13.07,0.0
3479,1125,2026-10-03,2,131,74,112.0,0.366,13.07,0.0
3485,1126,2026-10-03,2,131,74,112.0,0.366,13.07,0.0
3491,1127,2026-10-03,2,131,74,112.0,0.366,13.07,0.0
3497,1128,2026-10-03,2,131,74,112.0,0.366,13.07,0.0
3503,1129,2026-10-03,2,131,74,112.0,0.366,13.07,0.0
3509,1130,2026-10-03,2,131,74,112.0,0.366,13.07,0.0
3515,1131,2026-10-03,2,131,74,112.0,0.366,13.07,0.0
3521,1132,2026-10-03,2,131,74,112.0,0.366,13.07,0.0
3527,1133,2026-10-03,2,131,74,112.0,0.366,13.07,0.0
3533,1134,2026-10-03,2,131,74,112.0,0.366,13.07,0.0
3549,1139,2026-10-03,2,131,74,112.0,0.366,13.07,0.0
3557,1140,2026-10-03,2,131,74,112.0,0.366,13.07,0.0
3565,1141,2026-10-03,2,131,74,112.0,0.366,13.07,0.0
3571,1142,2026-10-03,2,131,74,112.0,0.366,13.07,0.0
3578,1143,2026-10-03,2,131,74,112.0,0.366,13.07,0.0
3584,1144,2026-10-03,2,131,74,112.0,0.366,13.07,0.0
3590,1145,2026-10-03,2,131,74,112.0,0.366,13.07,0.0
3596,1146,2026-10-03,2,131,74,112.0,0.366,13.07,0.0
3602,1147,2026-10-03,2,131,74,112.0,0.366,13.07,0.0
3611,1148,2026-10-03,2,131,74,112.0,0.366,13.07,0.0
3617,1149,2026-10-03,2,131,74,112.0,0.366,13.07,0.0
3626,1150,2026-10-03,2,131,74,112.0,0.366,13.07,0.0
3635,1151,2026-10-03,2,131,74,112.0,0.366,13.07,0.0
3644,1152,2026-10-03,2,131,74,112.0,0.366,13.07,0.0
3653,1153,2026-10-03,2,131,74,112.0,0.366,13.07,0.0
3662,1154,2026-10-03,2,131,74,112.0,0.366,13.07,0.0
3671,1155,2026-10-03,2,131,74,112.0,0.366,13.07,0.0
3680,1156,2026-10-03,2,131,74,112.0,0.366,13.07,0.0
3689,1157,2026-10-03,2,131,74,112.0,0.366,13.07,0.0
3695,1158,2026-10-03,2,131,74,112.0,0.366,13.07,0.0
3704,1159,2026-10-03,2,131,74,112.0,0.366,13.07,0.0
3712,1160,2026-10-03,2,131,74,112.0,0.366,13.07,0.0
3721,1161,2026-10-03,2,131,74,112.0,0.366,13.07,0.0
3727,1162,2026-10-03,2,131,74,112.0,0.366,13.07,0.0
3733,1163,2026-10-03,2,131,74,112.0,0.366,13.07,0.0
3739,1164,2026-10-03,2,131,74,112.0,0.366,13.07,0.0
3745,1165,2026-10-03,2,131,74,112.0,0.366,13.07,0.0
3751,1166,2026-10-03,2,131,74,112.0,0.366,13.07,0.0
3757,1167,2026-10-03,2,131,74,112.0,0.366,13.07,0.0
3763,1168,2026-10-03,2,131,74,112.0,0.366,13.07,0.0
3769,1169,2026-10-03,2,131,74,112.0,0.366,13.07,0.0
3775,1170,2026-10-03,2,131,74,112.0,0.366,13.07,0.0
3781,1171,2026-10-03,2,131,74,112.0,0.366,13.07,0.0
3787,1172,2026-10-03,2,131,74,112.0,0.366,13.07,0.0
3793,1173,2026-10-03,2,131,74,112.0,0.366,13.07,0.0
3799,1174,2026-10-03,2,131,74,112.0,0.366,13.07,0.0
3805,1175,2026-10-03,2,131,74,112.0,0.366,13.07,0.0
3811,1176,2026-10-03,2,131,74,112.0,0.366,13.07,0.0
3817,1177,2026-10-03,2,131,74,112.0,0.366,13.07,0.0
3823,1178,2026-10-03,2,131,74,112.0,0.366,13.07,0.0
3829,1179,2026-10-03,2,131,74,112.0,0.366,13.07,0.0
3837,1180,2026-10-03,2,131,74,112.0,0.366,13.07,0.0
3843,1181,2026-10-03,2,131,74,112.0,0.366,13.07,0.0
3849,1182,2026-10-03,2,131,74,112.0,0.366,13.07,0.0
3855,1183,2026-10-03,2,131,74,112.0,0.366,13.07,0.0
3861,1184,2026-10-03,2,131,74,112.0,0.366,13.07,0.0
3867,1185,2026-10-03,2,131,74,112.0,0.366,13.07,0.0
3873,1186,2026-10-03,2,131,74,112.0,0.366,13.07,0.0
3879,1187,2026-10-03,2,131,74,112.0,0.366,13.07,0.0
3885,1188,2026-10-03,2,131,74,112.0,0.366,13.07,0.0
3891,1189,2026-10-03,2,131,74,112.0,0.366,13.07,0.0
3897,1190,2026-10-03,2,131,74,112.0,0.366,13.07,0.0
3903,1191,2026-10-03,2,131,74,112.0,0.366,13.07,0.0
3912,1192,2026-10-03,2,131,74,112.0,0.366,13.07,0.0
3918,1193,2026-10-03,2,131,74,112.0,0.366,13.07,0.0
3924,1194,2026-10-03,2,131,74,112.0,0.366,13.07,0.0
3930,1195,2026-10-03,2,131,74,112.0,0.366,13.07,0.0
3936,1196,2026-10-03,2,131,74,112.0,0.366,13.07,0.0
3942,1197,2026-10-03,2,131,74,112.0,0.366,13.07,0.0
3948,1198,2026-10-03,2,131,74,112.0,0.366,13.07,0.0
3954,1199,2026-10-03,2,131,74,112.0,0.366,13.07,0.0
3960,1200,2026-10-03,2,131,74,112.0,0.366,13.07,0.0
3966,1201,2026-10-03,2,131,74,112.0,0.366,13.07,0.0
3972,1202,2026-10-03,2,531,474,112.0,0.366,13.07,0.0
3978,1203,2026-10-03,2,531,474,112.0,0.366,13.07,0.0
3993,1208,2026-10-03,2,531,474,112.0,0.366,13.07,0.0
3999,1209,2026-10-03,2,531,474,112.0,0.366,13.07,0.0
4005,1210,2026-10-03,2,531,474,112.0,0.366,13.07,0.0
4011,1211,2026-10-03,2,531,474,112.0,0.366,13.07,0.0
4017,1212,2026-10-03,2,531,474,112.0,0.366,13.07,0.0
4023,1213,2026-10-03,2,531,474,112.0,0.366,13.07,0.0
4029,1214,2026-10-03,2,531,474,112.0,0.366,13.07,0.0
4035,1215,2026-10-03,2,531,474,112.0,0.366,13.07,0.0
4050,1220,2026-10-03,2,531,474,112.0,0.366,13.07,0.0
4059,1221,2026-10-03,2,531,474,112.0,0.366,13.07,0.0
4065,1222,2026-10-03,2,531,474,112.0,0.366,13.07,0.0
4071,1223,2026-10-03,2,531,474,112.0,0.366,13.07,0.0
4077,1224,2026-10-03,2,531,474,112.0,0.366,13.07,0.0
4083,1225,2026-10-03,2,531,474,112.0,0.366,13.07,0.0
4092,1226,2026-10-03,2,531,474,112.0,0.366,13.07,0.0
4098,1227,2026-10-03,2,531,474,112.0,0.366,13.07,0.0
4107,1228,2026-10-03,2,531,474,112.0,0.366,13.07,0.0
4113,1229,2026-10-03,2,531,474,112.0,0.366,13.07,0.0
4119,1230,2026-10-03,2,531,474,112.0,0.366,13.07,0.0
4125,1231,2026-10-03,2,531,474,112.0,0.366,13.07,0.0
4131,1232,2026-10-03,2,531,474,112.0,0.366,13.07,0.0
4137,1233,2026-10-03,2,531,474,112.0,0.366,13.07,0.0
4143,1234,2026-10-03,2,531,474,112.0,0.366,13.07,0.0
4149,1235,2026-10-03,2,531,474,112.0,0.366,13.07,0.0
4155,1236,2026-10-03,2,531,474,112.0,0.366,13.07,0.0
4161,1237,2026-10-03,2,531,474,112.0,0.366,13.07,0.0
4167,1238,2026-10-03,2,531,474,112.0,0.366,13.07,0.0
4185,1239,2026-10-03,2,531,474,112.0,0.366,13.07,0.0
4199,1240,2026-10-03,2,531,474,112.0,0.366,13.07,0.0
4213,1241,2026-10-03,2,531,474,112.0,0.366,13.07,0.0
4227,1242,2026-10-03,2,531,474,112.0,0.366,13.07,0.0
4242,1243,2026-10-03,2,531,474,112.0,0.366,13.44,0.0
4254,1244,2026-10-03,2,531,474,112.0,0.366,13.44,0.0
4274,1245,2026-10-03,2,531,474,112.0,0.366,13.44,0.0
4289,1246,2026-10-03,2,531,474,112.0,0.366,13.55,0.0
4303,1247,2026-10-03,2,531,474,112.0,0.366,13.55,0.0
4315,1248,2026-10-03,2,531,474,112.0,0.366,13.55,0.0
4330,1249,2026-10-03,2,531,474,112.0,0.366,13.87,0.0
4340,1250,2026-10-03,2,531,474,112.0,0.366,13.87,0.0
4354,1251,2026-10-03,2,531,474,112.0,0.366,13.87,0.0
4360,1252,2026-10-03,2,531,474,112.0,0.366,13.87,0.0
4373,1253,2026-10-03,2,531,474,112.0,0.366,14.57,0.0
4386,1254,2026-10-03,2,531,474,112.0,0.366,15.26,0.0
4402,1255,2026-10-03,2,531,474,112.0,0.366,15.26,0.0
4416,1256,2026-10-03,2,531,474,112.0,0.366,15.26,0.0
4427,1257,2026-10-03,2,531,474,112.0,0.366,15.68,0.0
4433,1258,2026-10-03,2,531,474,112.0,0.366,15.68,0.0
4444,1259,2026-10-03,2,531,474,112.0,0.366,15.94,0.0
4454,1260,2026-10-03,2,531,474,112.0,0.366,15.94,0.0
4460,1261,2026-10-03,2,531,474,112.0,0.366,15.94,0.0
4470,1262,2026-10-03,2,531,474,112.0,0.366,15.94,0.0
4479,1263,2026-10-03,2,531,474,112.0,0.366,15.94,0.0
4490,1264,2026-10-03,2,531,449,112.0,0.366,15.94,0.0
4501,1265,2026-10-03,2,531,449,112.0,0.366,15.94,0.0
4514,1266,2026-10-03,2,531,449,112.0,0.366,16.33,0.0
4528,1267,2026-10-03,2,531,449,112.0,0.366,16.33,0.0
4545,1268,2026-10-03,2,531,449,112.0,0.366,16.47,0.0
4562,1269,2026-10-03,2,531,449,112.0,0.366,16.52,0.0
4577,1270,2026-10-03,2,531,449,112.0,0.366,17.45,0.0
4589,1271,2026-10-03,2,531,449,112.0,0.366,17.45,0.0
4605,1272,2026-10-03,2,531,449,112.0,0.366,17.45,0.0
4615,1273,2026-10-03,2,531,449,112.0,0.366,17.45,0.0
4631,1274,2026-10-03,2,531,449,112.0,0.366,17.45,0.0
4644,1275,2026-10-03,2,531,449,112.0,0.366,18.0,0.0
4656,1276,2026-10-03,2,531,449,112.0,0.366,18.0,0.0
4671,1277,2026-10-03,2,531,449,112.0,0.366,18.58,0.0
4686,1278,2026-10-03,2,531,449,112.0,0.366,19.0,0.0
4700,1279,2026-10-03,2,531,449,112.0,0.366,19.0,0.0
4717,1280,2026-10-03,2,531,449,112.0,0.366,19.61,0.0
4731,1281,2026-10-03,2,531,449,112.0,0.366,19.61,0.0
4745,1282,2026-10-03,2,531,449,112.0,0.366,19.61,0.0
4757,1283,2026-10-03,2,531,449,112.0,0.366,19.61,0.0
4772,1284,2026-10-03,2,531,449,112.0,0.366,20.12,0.0
4784,1285,2026-10-03,2,531,449,112.0,0.366,20.12,0.0
4799,1286,2026-10-03,2,531,449,112.0,0.366,20.35,0.0
4811,1287,2026-10-03,2,531,449,112.0,0.366,20.35,0.0
4825,1288,2026-10-03,2,531,449,112.0,0.366,20.35,0.0
4838,1289,2026-10-03,2,531,449,112.0,0.366,20.78,0.0
4851,1290,2026-10-03,2,531,449,112.0,0.366,20.78,0.0
4860,1291,2026-10-03,2,531,449,112.0,0.366,20.78,0.0
4870,1292,2026-10-03,2,531,449,112.0,0.366,20.78,0.0
4883,1293,2026-10-03,2,531,449,112.0,0.366,20.78,0.0
4897,1294,2026-10-03,2,531,449,112.0,0.366,21.18,0.0
4909,1295,2026-10-03,2,531,449,112.0,0.366,21.18,0.0
4922,1296,2026-10-03,2,531,449,112.0,0.366,21.18,0.0
4935,1297,2026-10-03,2,531,449,112.0,0.366,21.18,0.0
4950,1298,2026-10-03,2,531,449,112.0,0.366,21.18,0.0
4960,1299,2026-10-03,2,531,449,112.0,0.366,21.18,0.0
4971,1300,2026-10-03,2,531,449,112.0,0.366,21.18,0.0
4984,1301,2026-10-03,2,531,449,112.0,0.366,21.18,0.0
4997,1302,2026-10-03,2,531,449,112.0,0.366,21.18,0.0
5012,1303,2026-10-03,2,531,449,112.0,0.366,21.18,0.0
5028,1304,2026-10-03,2,531,449,112.0,0.366,21.41,0.0
5042,1305,2026-10-03,2,531,449,112.0,0.366,21.41,0.0
5055,1306,2026-10-03,2,531,449,112.0,0.366,21.41,0.0
5068,1307,2026-10-03,2,531,449,112.0,0.366,21.41,0.0
5084,1308,2026-10-03,2,531,449,112.0,0.366,21.5,0.0
5096,1309,2026-10-03,2,531,449,112.0,0.366,21.5,0.0
5113,1310,2026-10-03,2,531,449,112.0,0.366,21.5,0.0
5126,1311,2026-10-03,2,531,449,112.0,0.366,21.5,0.0
5141,1312,2026-10-03,2,531,449,112.0,0.366,21.5,0.0
5152,1313,2026-10-03,2,531,449,112.0,0.366,21.5,0.0
5168,1314,2026-10-03,2,531,449,112.0,0.366,21.67,0.0
5185,1315,2026-10-03,2,531,449,112.0,0.366,21.67,0.0
5197,1316,2026-10-03,2,531,449,112.0,0.366,21.67,0.0
5208,1317,2026-10-03,2,531,449,112.0,0.366,21.67,0.0
5222,1318,2026-10-03,2,531,449,112.0,0.366,21.67,0.0
5233,1319,2026-10-03,2,531,449,112.0,0.366,21.74,0.0
5248,1320,2026-10-03,2,531,449,112.0,0.366,21.74,0.0
5259,1321,2026-10-03,2,531,449,112.0,0.366,21.74,0.0
5276,1322,2026-10-03,2,531,449,112.0,0.366,21.74,0.0
5287,1323,2026-10-03,2,531,449,112.0,0.366,21.74,0.0
5302,1324,2026-10-03,2,531,449,112.0,0.366,21.74,0.0
5313,1325,2026-10-03,2,531,449,112.0,0.366,21.74,0.0
5329,1326,2026-10-03,2,531,449,112.0,0.366,21.74,0.0
5345,1327,2026-10-03,2,531,449,112.0,0.366,21.74,0.0
5353,1328,2026-10-03,2,531,449,112.0,0.366,21.74,0.0
5365,1329,2026-10-03,2,531,449,112.0,0.366,21.74,0.0
5376,1330,2026-10-03,2,531,449,112.0,0.366,22.31,0.0
5393,1331,2026-10-03,2,531,449,112.0,0.366,22.9,0.0
5406,1332,2026-10-03,2,459,377,162.0,0.366,22.9,0.0
5418,1333,2026-10-03,2,459,377,162.0,0.366,22.9,0.0
5433,1334,2026-10-03,2,459,377,162.0,0.366,23.34,0.0
5443,1335,2026-10-03,2,459,449,162.0,0.366,23.34,0.0
5455,1336,2026-10-03,2,459,449,162.0,0.366,23.34,0.0
5466,1337,2026-10-03,2,459,449,162.0,0.366,23.34,0.0
5474,1338,2026-10-03,2,459,449,162.0,0.366,23.34,0.0
5500,1343,2026-10-03,2,459,449,162.0,0.366,23.42,0.0
5507,1344,2026-10-03,2,459,449,162.0,0.366,23.42,0.0
5520,1345,2026-10-03,2,459,449,162.0,0.366,23.42,0.0
5539,1349,2026-10-03,2,459,449,162.0,0.366,24.03,0.0
5555,1350,2026-10-03,2,459,449,162.0,0.366,24.65,0.0
5568,1351,2026-10-03,2,459,449,162.0,0.366,24.65,0.0
5582,1352,2026-10-03,2,459,449,162.0,0.366,25.24,0.0
5593,1353,2026-10-03,2,459,449,162.0,0.366,25.24,0.0
5606,1354,2026-10-03,2,459,449,162.0,0.366,25.24,0.0
5617,1355,2026-10-03,2,459,449,162.0,0.366,25.24,0.0
5628,1356,2026-10-03,2,459,449,162.0,0.366,25.24,0.0
5642,1357,2026-10-03,2,459,449,162.0,0.366,25.68,0.0
5655,1358,2026-10-03,2,459,449,162.0,0.366,25.68,0.0
5664,1359,2026-10-03,2,459,449,162.0,0.366,25.68,0.0
5673,1360,2026-10-03,2,459,449,162.0,0.366,25.68,0.0
5682,1361,2026-10-03,2,459,449,162.0,0.366,25.68,0.0
5692,1362,2026-10-03,2,459,449,162.0,0.366,26.81,0.0
5703,1363,2026-10-03,2,459,449,162.0,0.366,26.81,0.0
5712,1364,2026-10-03,2,459,449,162.0,0.366,26.81,0.0
5719,1365,2026-10-03,2,459,449,162.0,0.366,26.81,0.0
5730,1366,2026-10-03,2,459,449,162.0,0.366,26.81,0.0
5744,1367,2026-10-03,2,459,449,162.0,0.366,27.11,0.0
5759,1368,2026-10-03,2,459,449,162.0,0.366,27.11,0.0
5772,1369,2026-10-03,2,459,449,162.0,0.366,27.11,0.0
5785,1370,2026-10-03,2,459,449,162.0,0.366,27.11,0.0
5798,1371,2026-10-03,2,459,449,162.0,0.366,27.11,0.0
5811,1372,2026-10-03,2,459,449,162.0,0.366,27.11,0.0
5824,1373,2026-10-03,2,459,449,162.0,0.366,27.11,0.0
5837,1374,2026-10-03,2,459,449,162.0,0.366,27.11,0.0
5852,1375,2026-10-03,2,459,449,162.0,0.366,27.11,0.0
5863,1376,2026-10-03,2,459,449,162.0,0.366,27.11,0.0
5874,1377,2026-10-03,2,459,449,162.0,0.366,27.11,0.0
5887,1378,2026-10-03,2,459,449,162.0,0.366,27.11,0.0
5901,1379,2026-10-03,2,459,449,162.0,0.366,27.28,0.0
5907,1380,2026-10-03,2,459,449,162.0,0.366,27.9,0.0
5917,1381,2026-10-03,2,459,449,162.0,0.366,27.9,0.0
5922,1382,2026-10-03,2,459,449,162.0,0.366,27.9,0.0
5930,1383,2026-10-03,2,459,449,162.0,0.366,27.9,0.0
5938,1384,2026-10-03,2,459,449,162.0,0.366,27.9,0.0
5947,1385,2026-10-03,2,459,449,162.0,0.366,27.9,0.0
5955,1386,2026-10-03,2,459,449,172.0,0.366,27.9,0.0
5963,1387,2026-10-03,2,459,449,172.0,0.366,27.9,0.0
5971,1388,2026-10-03,2,459,449,172.0,0.366,27.9,0.0
5978,1389,2026-10-03,2,459,449,172.0,0.366,27.9,0.0
5987,1390,2026-10-03,2,459,449,172.0,0.366,27.9,0.0
5993,1391,2026-10-03,2,530,520,192.0,0.43,27.9,0.0
5999,1392,2026-10-03,2,530,520,192.0,0.43,27.9,0.0
6004,1393,2026-10-03,2,530,520,192.0,0.43,27.9,0.0
6009,1394,2026-10-03,2,530,520,192.0,0.43,27.9,0.0
6014,1395,2026-10-03,2,530,520,192.0,0.43,27.9,0.0
6019,1396,2026-10-03,2,530,520,192.0,0.43,27.9,0.0
6024,1397,2026-10-03,2,530,520,192.0,0.43,27.9,0.0
6029,1398,2026-10-03,2,530,520,192.0,0.43,27.9,0.0
6034,1399,2026-10-03,2,530,520,192.0,0.43,27.9,0.0
6039,1400,2026-10-03,2,530,520,192.0,0.43,27.9,0.0
6044,1401,2026-10-03,2,530,520,192.0,0.43,27.9,0.0
6049,1402,2026-10-03,2,530,520,192.0,0.43,27.9,0.0
6054,1403,2026-10-03,2,530,520,192.0,0.43,27.9,0.0
6059,1404,2026-10-03,2,530,520,192.0,0.43,27.9,0.0
6064,1405,2026-10-03,2,530,520,192.0,0.43,27.9,0.0
6069,1406,2026-10-03,2,530,520,192.0,0.43,27.9,0.0
6074,1407,2026-10-03,2,530,520,192.0,0.43,27.9,0.0
6079,1408,2026-10-03,2,530,520,192.0,0.43,27.9,0.0
6084,1409,2026-10-03,2,530,520,192.0,0.43,27.9,0.0
6089,1410,2026-10-03,2,530,520,192.0,0.43,27.9,0.0
6094,1411,2026-10-03,2,530,520,192.0,0.43,27.9,0.0
6099,1412,2026-10-03,2,530,520,192.0,0.43,27.9,0.0
6104,1413,2026-10-03,2,530,520,192.0,0.43,27.9,0.0
6109,1414,2026-10-03,2,530,520,192.0,0.43,27.9,0.0
6114,1415,2026-10-03,2,530,520,192.0,0.43,27.9,0.0
6119,1416,2026-10-03,2,530,520,192.0,0.43,27.9,0.0
6132,1417,2026-10-03,2,530,520,192.0,0.43,27.9,0.0
6137,1418,2026-10-03,2,530,520,192.0,0.43,27.9,0.0
6148,1419,2026-10-03,2,530,520,192.0,0.43,27.9,0.0
6156,1420,2026-10-03,2,530,520,192.0,0.43,27.9,0.0
6167,1421,2026-10-03,2,530,520,192.0,0.43,27.9,0.0
6175,1422,2026-10-03,2,530,520,192.0,0.43,27.9,0.0
6183,1423,2026-10-03,2,530,520,192.0,0.43,27.9,0.0
6192,1424,2026-10-03,2,530,520,192.0,0.43,27.9,0.0
6204,1425,2026-10-03,2,530,520,192.0,0.43,27.9,0.0
6210,1426,2026-10-03,2,555,545,192.0,0.474,27.9,0.0
6216,1427,2026-10-03,2,555,545,192.0,0.474,27.9,0.0
6221,1428,2026-10-03,2,555,545,192.0,0.474,27.9,0.0
6226,1429,2026-10-03,2,555,545,192.0,0.474,27.9,0.0
6231,1430,2026-10-03,2,555,545,192.0,0.474,27.9,0.0
6236,1431,2026-10-03,2,555,545,192.0,0.474,27.9,0.0
6241,1432,2026-10-03,2,555,545,192.0,0.474,27.9,0.0
6246,1433,2026-10-03,2,555,545,192.0,0.474,27.9,0.0
6251,1434,2026-10-03,2,555,545,192.0,0.474,27.9,0.0
6256,1435,2026-10-03,2,555,545,192.0,0.474,27.9,0.0
6261,1436,2026-10-03,2,555,545,192.0,0.474,27.9,0.0
6296,1470,2026-10-04,3,705,695,0.0,0.0,0.0,0.0
6302,1471,2026-10-04,3,705,695,0.0,0.0,0.0,0.0
6306,1472,2026-10-04,3,705,695,0.0,0.0,0.0,0.0
6310,1473,2026-10-04,3,705,695,0.0,0.0,0.0,0.0
6318,1474,2026-10-04,3,705,695,0.0,0.0,0.0,0.0
6322,1475,2026-10-04,3,705,695,0.0,0.0,0.0,0.0
6329,1476,2026-10-04,3,705,695,0.0,0.0,0.0,0.0
6336,1477,2026-10-04,3,705,695,0.0,0.0,0.0,0.0
6346,1478,2026-10-04,3,705,600,0.0,0.0,0.0,0.0
6354,1479,2026-10-04,3,705,600,0.0,0.0,0.0,0.0
6362,1480,2026-10-04,3,705,600,0.0,0.0,0.0,0.0
6370,1481,2026-10-04,3,705,601,0.0,0.0,0.0,0.0
6380,1482,2026-10-04,3,705,604,0.0,0.0,0.0,0.0
6387,1483,2026-10-04,3,705,548,0.0,0.0,0.0,0.0
6394,1484,2026-10-04,3,647,457,0.0,0.072,0.0,0.0
6404,1485,2026-10-04,3,616,427,0.0,0.08,0.0,0.0
6408,1486,2026-10-04,3,616,446,0.0,0.08,0.0,0.0
6416,1487,2026-10-04,3,616,500,0.0,0.08,0.0,0.0
6423,1488,2026-10-04,3,616,503,0.0,0.08,0.0,0.0
6428,1489,2026-10-04,3,616,512,0.0,0.08,0.0,0.0
6435,1490,2026-10-04,3,616,513,0.0,0.08,0.0,0.0
6447,1491,2026-10-04,3,562,259,0.0,0.15,0.0,0.0
6456,1492,2026-10-04,3,531,219,0.0,0.157,0.0,0.0
6468,1493,2026-10-04,3,521,211,0.0,0.17,0.0,0.0
6477,1494,2026-10-04,3,746,499,27.0,0.17,0.0,0.0
6486,1495,2026-10-04,3,746,396,27.0,0.17,0.0,0.0
6494,1496,2026-10-04,3,601,262,27.0,0.232,0.0,0.0
6504,1497,2026-10-04,3,592,212,27.0,0.248,0.0,0.0
6510,1498,2026-10-04,3,561,213,27.0,0.257,0.0,0.0
6514,1499,2026-10-04,3,561,385,27.0,0.257,0.0,0.0
6520,1500,2026-10-04,3,561,385,27.0,0.257,0.0,0.0
6524,1501,2026-10-04,3,552,401,27.0,0.27,0.0,0.0
6530,1502,2026-10-04,3,552,401,27.0,0.27,0.0,0.0
6533,1503,2026-10-04,3,552,403,27.0,0.27,0.0,0.0
6537,1504,2026-10-04,3,552,403,27.0,0.27,0.0,0.0
6541,1505,2026-10-04,3,543,332,27.0,0.272,0.0,0.0
6545,1506,2026-10-04,3,543,303,37.0,0.272,0.0,0.0
6548,1507,2026-10-04,3,543,303,57.0,0.272,0.0,0.0
6554,1508,2026-10-04,3,543,311,57.0,0.272,0.0,0.0
6557,1509,2026-10-04,3,543,343,57.0,0.272,0.0,0.0
6563,1510,2026-10-04,3,543,321,57.0,0.272,0.0,0.0
6567,1511,2026-10-04,3,543,201,57.0,0.272,0.0,0.0
6573,1512,2026-10-04,3,413,207,57.0,0.285,0.0,0.0
6593,1532,2026-10-04,3,357,347,80.0,0.285,0.0,0.0
6594,1533,2026-10-04,3,357,347,80.0,0.285,0.0,0.0
6595,1534,2026-10-04,3,357,347,80.0,0.285,0.0,0.0
6596,1535,2026-10-04,3,357,347,80.0,0.285,0.0,0.0
6599,1536,2026-10-04,3,357,347,80.0,0.285,0.0,0.0
6600,1537,2026-10-04,3,357,347,80.0,0.285,0.0,0.0
6601,1538,2026-10-04,3,357,347,80.0,0.285,0.0,0.0
6602,1539,2026-10-04,3,357,347,80.0,0.285,0.0,0.0
6603,1540,2026-10-04,3,357,347,80.0,0.285,0.0,0.0
6604,1541,2026-10-04,3,357,347,80.0,0.285,0.0,0.0
6616,1553,2026-10-04,3,357,347,80.0,0.285,0.0,0.0
6619,1554,2026-10-04,3,357,347,80.0,0.285,0.0,0.0
6620,1555,2026-10-04,3,357,347,80.0,0.285,0.0,0.0
6621,1556,2026-10-04,3,357,347,80.0,0.285,0.0,0.0
6622,1557,2026-10-04,3,357,347,80.0,0.285,0.0,0.0
6623,1558,2026-10-04,3,357,347,80.0,0.285,0.0,0.0
6624,1559,2026-10-04,3,357,347,80.0,0.285,0.0,0.0
6625,1560,2026-10-04,3,357,347,80.0,0.285,0.0,0.0
6626,1561,2026-10-04,3,357,347,80.0,0.285,0.0,0.0
6627,1562,2026-10-04,3,357,347,80.0,0.285,0.0,0.0
6628,1563,2026-10-04,3,357,347,80.0,0.285,0.0,0.0
6629,1564,2026-10-04,3,357,347,80.0,0.285,0.0,0.0
6630,1565,2026-10-04,3,357,347,80.0,0.285,0.0,0.0
6631,1566,2026-10-04,3,357,347,80.0,0.285,0.0,0.0
6632,1567,2026-10-04,3,357,347,80.0,0.285,0.0,0.0
6633,1568,2026-10-04,3,357,347,80.0,0.285,0.0,0.0
6634,1569,2026-10-04,3,357,347,80.0,0.285,0.0,0.0
6635,1570,2026-10-04,3,357,347,80.0,0.285,0.0,0.0
6636,1571,2026-10-04,3,357,347,80.0,0.285,0.0,0.0
6637,1572,2026-10-04,3,357,347,80.0,0.285,0.0,0.0
6638,1573,2026-10-04,3,357,347,80.0,0.285,0.0,0.0
6639,1574,2026-10-04,3,357,347,80.0,0.285,0.0,0.0
6640,1575,2026-10-04,3,357,347,80.0,0.285,0.0,0.0
6641,1576,2026-10-04,3,357,347,80.0,0.285,0.0,0.0
6642,1577,2026-10-04,3,357,347,80.0,0.285,0.0,0.0
6643,1578,2026-10-04,3,357,347,80.0,0.285,0.0,0.0
6644,1579,2026-10-04,3,357,347,80.0,0.285,0.0,0.0
6645,1580,2026-10-04,3,357,347,80.0,0.285,0.0,0.0
6646,1581,2026-10-04,3,357,347,80.0,0.285,0.0,0.0
6647,1582,2026-10-04,3,357,347,80.0,0.285,0.0,0.0
6648,1583,2026-10-04,3,357,347,80.0,0.285,0.0,0.0
6649,1584,2026-10-04,3,357,347,80.0,0.285,0.0,0.0
6650,1585,2026-10-04,3,357,347,80.0,0.285,0.0,0.0
6651,1586,2026-10-04,3,357,347,80.0,0.285,0.0,0.0
6652,1587,2026-10-04,3,357,347,80.0,0.285,0.0,0.0
6653,1588,2026-10-04,3,357,347,80.0,0.285,0.0,0.0
6654,1589,2026-10-04,3,357,347,80.0,0.285,0.0,0.0
6655,1590,2026-10-04,3,357,347,80.0,0.285,0.0,0.0
6656,1591,2026-10-04,3,357,347,80.0,0.285,0.0,0.0
6657,1592,2026-10-04,3,357,347,80.0,0.285,0.0,0.0
6660,1593,2026-10-04,3,357,347,80.0,0.285,0.0,0.0
6661,1594,2026-10-04,3,357,347,80.0,0.285,0.0,0.0
6662,1595,2026-10-04,3,357,347,80.0,0.285,0.0,0.0
6663,1596,2026-10-04,3,357,347,80.0,0.285,0.0,0.0
6664,1597,2026-10-04,3,357,347,80.0,0.285,0.0,0.0
6665,1598,2026-10-04,3,357,347,80.0,0.285,0.0,0.0
6666,1599,2026-10-04,3,357,347,80.0,0.285,0.0,0.0
6667,1600,2026-10-04,3,357,347,80.0,0.285,0.0,0.0
6668,1601,2026-10-04,3,357,347,80.0,0.285,0.0,0.0
6669,1602,2026-10-04,3,357,347,80.0,0.285,0.0,0.0
6670,1603,2026-10-04,3,357,347,80.0,0.285,0.0,0.0
6674,1604,2026-10-04,3,357,347,80.0,0.285,0.0,0.0
6675,1605,2026-10-04,3,357,347,80.0,0.285,0.0,0.0
6676,1606,2026-10-04,3,357,347,80.0,0.285,0.0,0.0
6677,1607,2026-10-04,3,357,347,80.0,0.285,0.0,0.0
6683,1608,2026-10-04,3,357,347,80.0,0.285,0.0,0.0
6684,1609,2026-10-04,3,357,347,80.0,0.285,0.0,0.0
6685,1610,2026-10-04,3,357,347,80.0,0.285,0.0,0.0
6686,1611,2026-10-04,3,357,347,80.0,0.285,0.0,0.0
6691,1612,2026-10-04,3,357,347,80.0,0.285,0.0,0.0
6696,1613,2026-10-04,3,357,347,80.0,0.285,0.0,0.0
6697,1614,2026-10-04,3,357,347,80.0,0.285,0.0,0.0
6698,1615,2026-10-04,3,357,347,80.0,0.285,0.0,0.0
6699,1616,2026-10-04,3,357,347,80.0,0.285,0.0,0.0
6700,1617,2026-10-04,3,357,347,80.0,0.285,0.0,0.0
6701,1618,2026-10-04,3,357,347,80.0,0.285,0.0,0.0
6702,1619,2026-10-04,3,357,347,80.0,0.285,0.0,0.0
6703,1620,2026-10-04,3,357,347,80.0,0.285,0.0,0.0
6704,1621,2026-10-04,3,357,347,80.0,0.285,0.0,0.0
6705,1622,2026-10-04,3,357,347,80.0,0.285,0.0,0.0
6708,1623,2026-10-04,3,357,347,80.0,0.285,0.0,0.0
6709,1624,2026-10-04,3,357,347,80.0,0.285,0.0,0.0
6710,1625,2026-10-04,3,357,347,80.0,0.285,0.0,0.0
6711,1626,2026-10-04,3,357,347,80.0,0.285,0.0,0.0
6712,1627,2026-10-04,3,357,347,80.0,0.285,0.0,0.0
6713,1628,2026-10-04,3,357,347,80.0,0.285,0.0,0.0
6714,1629,2026-10-04,3,357,347,80.0,0.285,0.0,0.0
6715,1630,2026-10-04,3,357,347,80.0,0.285,0.0,0.0
6716,1631,2026-10-04,3,357,347,80.0,0.285,0.0,0.0
6717,1632,2026-10-04,3,357,347,80.0,0.285,0.0,0.0
6718,1633,2026-10-04,3,357,347,80.0,0.285,0.0,0.0
6719,1634,2026-10-04,3,357,347,80.0,0.285,0.0,0.0
6720,1635,2026-10-04,3,357,347,80.0,0.285,0.0,0.0
6721,1636,2026-10-04,3,357,347,80.0,0.285,0.0,0.0
6722,1637,2026-10-04,3,357,347,80.0,0.285,0.0,0.0
6723,1638,2026-10-04,3,357,347,80.0,0.285,0.0,0.0
6735,1647,2026-10-04,3,357,347,80.0,0.285,0.0,0.0
6736,1648,2026-10-04,3,357,347,80.0,0.285,0.0,0.0
6737,1649,2026-10-04,3,357,347,80.0,0.285,0.0,0.0
6738,1650,2026-10-04,3,357,347,80.0,0.285,0.0,0.0
6739,1651,2026-10-04,3,357,347,80.0,0.285,0.0,0.0
6740,1652,2026-10-04,3,357,347,80.0,0.285,0.0,0.0
6741,1653,2026-10-04,3,357,347,80.0,0.285,0.0,0.0
6744,1654,2026-10-04,3,357,347,80.0,0.285,0.0,0.0
6745,1655,2026-10-04,3,357,347,80.0,0.285,0.0,0.0
6746,1656,2026-10-04,3,357,347,80.0,0.285,0.0,0.0
6747,1657,2026-10-04,3,357,347,80.0,0.285,0.0,0.0
6748,1658,2026-10-04,3,357,347,80.0,0.285,0.0,0.0
6749,1659,2026-10-04,3,357,347,80.0,0.285,0.0,0.0
6750,1660,2026-10-04,3,357,347,80.0,0.285,0.0,0.0
6751,1661,2026-10-04,3,357,347,80.0,0.285,0.0,0.0
6752,1662,2026-10-04,3,357,347,80.0,0.285,0.0,0.0
6753,1663,2026-10-04,3,87,77,80.0,0.285,0.0,0.0
6754,1664,2026-10-04,3,87,77,80.0,0.285,0.0,0.0
6755,1665,2026-10-04,3,87,77,80.0,0.285,0.0,0.0
6756,1666,2026-10-04,3,87,77,80.0,0.285,0.0,0.0
6757,1667,2026-10-04,3,87,77,80.0,0.285,0.0,0.0
6758,1668,2026-10-04,3,87,77,80.0,0.285,0.0,0.0
6759,1669,2026-10-04,3,87,77,80.0,0.285,0.0,0.0
6760,1670,2026-10-04,3,87,77,80.0,0.285,0.0,0.0
6761,1671,2026-10-04,3,87,77,80.0,0.285,0.0,0.0
6762,1672,2026-10-04,3,87,77,80.0,0.285,0.0,0.0
6765,1673,2026-10-04,3,87,77,80.0,0.285,0.0,0.0
6766,1674,2026-10-04,3,87,77,80.0,0.285,0.0,0.0
6767,1675,2026-10-04,3,87,77,80.0,0.285,0.0,0.0
6768,1676,2026-10-04,3,87,77,80.0,0.285,0.0,0.0
6769,1677,2026-10-04,3,87,77,80.0,0.285,0.0,0.0
6770,1678,2026-10-04,3,87,77,80.0,0.285,0.0,0.0
6771,1679,2026-10-04,3,87,77,80.0,0.285,0.0,0.0
6772,1680,2026-10-04,3,87,77,80.0,0.285,0.0,0.0
6773,1681,2026-10-04,3,87,77,80.0,0.285,0.0,0.0
6774,1682,2026-10-04,3,87,77,80.0,0.285,0.0,0.0
6775,1683,2026-10-04,3,87,77,80.0,0.285,0.0,0.0
6776,1684,2026-10-04,3,87,77,80.0,0.285,0.0,0.0
6777,1685,2026-10-04,3,87,77,80.0,0.285,0.0,0.0
6778,1686,2026-10-04,3,87,77,80.0,0.285,0.0,0.0
6779,1687,2026-10-04,3,87,77,80.0,0.285,0.0,0.0
6780,1688,2026-10-04,3,87,77,80.0,0.285,0.0,0.0
6784,1689,2026-10-04,3,87,77,80.0,0.285,0.0,0.0
6785,1690,2026-10-04,3,87,77,80.0,0.285,0.0,0.0
6789,1691,2026-10-04,3,87,77,80.0,0.285,0.0,0.0
6790,1692,2026-10-04,3,87,77,80.0,0.285,0.0,0.0
6794,1693,2026-10-04,3,87,77,80.0,0.285,0.0,0.0
6795,1694,2026-10-04,3,87,77,80.0,0.285,0.0,0.0
6799,1695,2026-10-04,3,87,77,80.0,0.285,0.0,0.0
6800,1696,2026-10-04,3,87,77,80.0,0.285,0.0,0.0
6804,1697,2026-10-04,3,87,77,80.0,0.285,0.0,0.0
6805,1698,2026-10-04,3,87,77,80.0,0.285,0.0,0.0
6809,1699,2026-10-04,3,87,77,80.0,0.285,0.0,0.0
6810,1700,2026-10-04,3,87,77,80.0,0.285,0.0,0.0
6814,1701,2026-10-04,3,87,77,80.0,0.285,0.0,0.0
6815,1702,2026-10-04,3,87,77,80.0,0.285,0.0,0.0
6819,1703,2026-10-04,3,87,77,80.0,0.285,0.0,0.0
6820,1704,2026-10-04,3,87,77,80.0,0.285,0.0,0.0
6821,1705,2026-10-04,3,87,77,80.0,0.285,0.0,0.0
6822,1706,2026-10-04,3,87,77,80.0,0.285,0.0,0.0
6823,1707,2026-10-04,3,87,77,80.0,0.285,0.0,0.0
6824,1708,2026-10-04,3,87,77,80.0,0.285,0.0,0.0
6825,1709,2026-10-04,3,87,77,80.0,0.285,0.0,0.0
6826,1710,2026-10-04,3,87,77,80.0,0.285,0.0,0.0
6827,1711,2026-10-04,3,87,77,80.0,0.285,0.0,0.0
6828,1712,2026-10-04,3,87,77,80.0,0.285,0.0,0.0
6829,1713,2026-10-04,3,87,77,80.0,0.285,0.0,0.0
6830,1714,2026-10-04,3,87,77,80.0,0.285,0.0,0.0
6833,1715,2026-10-04,3,87,77,80.0,0.285,0.0,0.0
6834,1716,2026-10-04,3,87,77,80.0,0.285,0.0,0.0
6835,1717,2026-10-04,3,87,77,80.0,0.285,0.0,0.0
6836,1718,2026-10-04,3,87,77,80.0,0.285,0.0,0.0
6837,1719,2026-10-04,3,87,77,80.0,0.285,0.0,0.0
6838,1720,2026-10-04,3,87,77,80.0,0.285,0.0,0.0
6839,1721,2026-10-04,3,87,77,80.0,0.285,0.0,0.0
6840,1722,2026-10-04,3,147,137,80.0,0.285,0.0,0.0
6841,1723,2026-10-04,3,147,137,80.0,0.285,0.0,0.0
6842,1724,2026-10-04,3,147,137,80.0,0.285,0.0,0.0
6843,1725,2026-10-04,3,147,137,80.0,0.285,0.0,0.0
6844,1726,2026-10-04,3,147,137,80.0,0.285,0.0,0.0
6845,1727,2026-10-04,3,147,137,80.0,0.285,0.0,0.0
6846,1728,2026-10-04,3,147,137,80.0,0.285,0.0,0.0
6847,1729,2026-10-04,3,147,137,80.0,0.285,0.0,0.0
6848,1730,2026-10-04,3,147,137,80.0,0.285,0.0,0.0
6849,1731,2026-10-04,3,147,137,80.0,0.285,0.0,0.0
6850,1732,2026-10-04,3,147,137,80.0,0.285,0.0,0.0
6851,1733,2026-10-04,3,147,137,80.0,0.285,0.0,0.0
6854,1734,2026-10-04,3,147,137,80.0,0.285,0.0,0.0
6855,1735,2026-10-04,3,147,137,80.0,0.285,0.0,0.0
6856,1736,2026-10-04,3,147,137,80.0,0.285,0.0,0.0
6857,1737,2026-10-04,3,147,137,80.0,0.285,0.0,0.0
6858,1738,2026-10-04,3,147,137,80.0,0.285,0.0,0.0
6859,1739,2026-10-04,3,147,137,80.0,0.285,0.0,0.0
6860,1740,2026-10-04,3,147,137,80.0,0.285,0.0,0.0
6861,1741,2026-10-04,3,147,137,80.0,0.285,0.0,0.0
6862,1742,2026-10-04,3,147,137,80.0,0.285,0.0,0.0
6863,1743,2026-10-04,3,147,137,80.0,0.285,0.0,0.0
6864,1744,2026-10-04,3,147,137,80.0,0.285,0.0,0.0
6865,1745,2026-10-04,3,147,137,80.0,0.285,0.0,0.0
6866,1746,2026-10-04,3,147,137,80.0,0.285,0.0,0.0
6867,1747,2026-10-04,3,147,137,80.0,0.285,0.0,0.0
6868,1748,2026-10-04,3,147,137,80.0,0.285,0.0,0.0
6869,1749,2026-10-04,3,147,137,80.0,0.285,0.0,0.0
6870,1750,2026-10-04,3,147,137,80.0,0.285,0.0,0.0
6871,1751,2026-10-04,3,147,137,80.0,0.285,0.0,0.0
6872,1752,2026-10-04,3,147,137,80.0,0.285,0.0,0.0
6873,1753,2026-10-04,3,147,137,80.0,0.285,0.0,0.0
6874,1754,2026-10-04,3,147,137,80.0,0.285,0.0,0.0
6875,1755,2026-10-04,3,147,137,80.0,0.285,0.0,0.0
6876,1756,2026-10-04,3,147,137,80.0,0.285,0.0,0.0
6877,1757,2026-10-04,3,147,137,80.0,0.285,0.0,0.0
6878,1758,2026-10-04,3,147,137,80.0,0.285,0.0,0.0
6879,1759,2026-10-04,3,147,137,80.0,0.285,0.0,0.0
6880,1760,2026-10-04,3,147,137,80.0,0.285,0.0,0.0
6881,1761,2026-10-04,3,147,137,80.0,0.285,0.0,0.0
6882,1762,2026-10-04,3,147,137,80.0,0.285,0.0,0.0
6883,1763,2026-10-04,3,147,137,80.0,0.285,0.0,0.0
6884,1764,2026-10-04,3,147,137,80.0,0.285,0.0,0.0
6885,1765,2026-10-04,3,147,137,80.0,0.285,0.0,0.0
6886,1766,2026-10-04,3,147,137,80.0,0.285,0.0,0.0
6887,1767,2026-10-04,3,147,137,80.0,0.285,0.0,0.0
6888,1768,2026-10-04,3,147,137,80.0,0.285,0.0,0.0
6889,1769,2026-10-04,3,147,137,80.0,0.285,0.0,0.0
6890,1770,2026-10-04,3,147,137,80.0,0.285,0.0,0.0
6891,1771,2026-10-04,3,147,137,80.0,0.285,0.0,0.0
6892,1772,2026-10-04,3,147,137,80.0,0.285,0.0,0.0
6893,1773,2026-10-04,3,147,137,80.0,0.285,0.0,0.0
6894,1774,2026-10-04,3,147,137,80.0,0.285,0.0,0.0
6895,1775,2026-10-04,3,147,137,80.0,0.285,0.0,0.0
6898,1776,2026-10-04,3,147,137,80.0,0.285,0.0,0.0
6899,1777,2026-10-04,3,147,137,80.0,0.285,0.0,0.0
6900,1778,2026-10-04,3,147,137,80.0,0.285,0.0,0.0
6901,1779,2026-10-04,3,147,137,80.0,0.285,0.0,0.0
6902,1780,2026-10-04,3,147,137,80.0,0.285,0.0,0.0
6903,1781,2026-10-04,3,147,137,80.0,0.285,0.0,0.0
6909,1782,2026-10-04,3,147,137,80.0,0.285,0.0,0.0
6910,1783,2026-10-04,3,147,137,80.0,0.285,0.0,0.0
6911,1784,2026-10-04,3,147,137,80.0,0.285,0.0,0.0
6912,1785,2026-10-04,3,147,137,80.0,0.285,0.0,0.0
6914,1786,2026-10-04,3,147,137,80.0,0.285,0.0,0.0
6916,1787,2026-10-04,3,147,137,80.0,0.285,0.0,0.0
6921,1788,2026-10-04,3,147,137,80.0,0.285,0.0,0.0
6923,1789,2026-10-04,3,147,137,80.0,0.285,0.0,0.0
6928,1790,2026-10-04,3,147,137,80.0,0.285,0.0,0.0
6931,1791,2026-10-04,3,147,137,80.0,0.285,0.0,0.0
6932,1792,2026-10-04,3,147,137,80.0,0.285,0.0,0.0
6933,1793,2026-10-04,3,147,137,80.0,0.285,0.0,0.0
6934,1794,2026-10-04,3,147,137,80.0,0.285,0.0,0.0
6936,1795,2026-10-04,3,147,137,80.0,0.285,0.0,0.0
6938,1796,2026-10-04,3,147,137,80.0,0.285,0.0,0.0
6940,1797,2026-10-04,3,147,137,80.0,0.285,0.0,0.0
6945,1798,2026-10-04,3,147,137,80.0,0.285,0.0,0.0
6946,1799,2026-10-04,3,147,137,80.0,0.285,0.0,0.0
6950,1800,2026-10-04,3,147,137,80.0,0.285,0.0,0.0
6951,1801,2026-10-04,3,147,137,80.0,0.285,0.0,0.0
6955,1802,2026-10-04,3,147,137,80.0,0.285,0.0,0.0
6956,1803,2026-10-04,3,147,137,80.0,0.285,0.0,0.0
6960,1804,2026-10-04,3,147,137,80.0,0.285,0.0,0.0
6961,1805,2026-10-04,3,147,137,80.0,0.285,0.0,0.0
6965,1806,2026-10-04,3,147,137,80.0,0.285,0.0,0.0
6966,1807,2026-10-04,3,147,137,80.0,0.285,0.0,0.0
6970,1808,2026-10-04,3,147,137,80.0,0.285,0.0,0.0
6971,1809,2026-10-04,3,147,137,80.0,0.285,0.0,0.0
6975,1810,2026-10-04,3,147,137,80.0,0.285,0.0,0.0
6977,1811,2026-10-04,3,166,156,80.0,0.352,0.0,0.0
6980,1812,2026-10-04,3,166,156,80.0,0.352,0.0,0.0
6981,1813,2026-10-04,3,166,156,80.0,0.352,0.0,0.0
6982,1814,2026-10-04,3,166,156,80.0,0.352,0.0,0.0
6983,1815,2026-10-04,3,166,156,80.0,0.352,0.0,0.0
6984,1816,2026-10-04,3,166,156,80.0,0.352,0.0,0.0
6985,1817,2026-10-04,3,166,156,80.0,0.352,0.0,0.0
6986,1818,2026-10-04,3,166,156,80.0,0.352,0.0,0.0
6987,1819,2026-10-04,3,166,156,80.0,0.352,0.0,0.0
6988,1820,2026-10-04,3,166,156,80.0,0.352,0.0,0.0
6991,1821,2026-10-04,3,166,156,80.0,0.352,0.0,0.0
6992,1822,2026-10-04,3,166,156,80.0,0.352,0.0,0.0
6995,1823,2026-10-04,3,166,156,80.0,0.352,0.0,0.0
6996,1824,2026-10-04,3,166,156,80.0,0.352,0.0,0.0
6997,1825,2026-10-04,3,166,156,80.0,0.352,0.0,0.0
6998,1826,2026-10-04,3,166,156,80.0,0.352,0.0,0.0
6999,1827,2026-10-04,3,166,156,80.0,0.352,0.0,0.0
7000,1828,2026-10-04,3,166,156,80.0,0.352,0.0,0.0
7001,1829,2026-10-04,3,166,156,80.0,0.352,0.0,0.0
7002,1830,2026-10-04,3,166,156,80.0,0.352,0.0,0.0
7003,1831,2026-10-04,3,166,156,80.0,0.352,0.0,0.0
7004,1832,2026-10-04,3,166,156,80.0,0.352,0.0,0.0
7005,1833,2026-10-04,3,166,156,80.0,0.352,0.0,0.0
7006,1834,2026-10-04,3,166,156,80.0,0.352,0.0,0.0
7010,1835,2026-10-04,3,166,156,80.0,0.352,0.0,0.0
7012,1836,2026-10-04,3,171,161,82.2,0.352,0.0,0.0
7013,1837,2026-10-04,3,171,161,82.2,0.352,0.0,0.0
7014,1838,2026-10-04,3,171,161,82.2,0.352,0.0,0.0
7015,1839,2026-10-04,3,171,161,82.2,0.352,0.0,0.0
7016,1840,2026-10-04,3,171,161,82.2,0.352,0.0,0.0
7021,1841,2026-10-04,3,171,161,82.2,0.352,0.0,0.0
7022,1842,2026-10-04,3,171,161,82.2,0.352,0.0,0.0
7023,1843,2026-10-04,3,171,161,82.2,0.352,0.0,0.0
7024,1844,2026-10-04,3,171,161,82.2,0.352,0.0,0.0
7025,1845,2026-10-04,3,171,161,82.2,0.352,0.0,0.0
7026,1846,2026-10-04,3,171,161,82.2,0.352,0.0,0.0
7027,1847,2026-10-04,3,171,161,82.2,0.352,0.0,0.0
7028,1848,2026-10-04,3,171,161,82.2,0.352,0.0,0.0
7029,1849,2026-10-04,3,171,161,82.2,0.352,0.0,0.0
7030,1850,2026-10-04,3,171,161,82.2,0.352,0.0,0.0
7031,1851,2026-10-04,3,171,161,82.2,0.352,0.0,0.0
7032,1852,2026-10-04,3,171,161,82.2,0.352,0.0,0.0
7033,1853,2026-10-04,3,171,161,82.2,0.352,0.0,0.0
7034,1854,2026-10-04,3,171,161,82.2,0.352,0.0,0.0
7035,1855,2026-10-04,3,171,161,82.2,0.352,0.0,0.0
7036,1856,2026-10-04,3,171,161,82.2,0.352,0.0,0.0
7037,1857,2026-10-04,3,171,161,82.2,0.352,0.0,0.0
7038,1858,2026-10-04,3,171,161,82.2,0.352,0.0,0.0
7039,1859,2026-10-04,3,171,161,82.2,0.352,0.0,0.0
7040,1860,2026-10-04,3,171,161,82.2,0.352,0.0,0.0
7041,1861,2026-10-04,3,171,161,82.2,0.352,0.0,0.0
7050,1862,2026-10-04,3,171,161,82.2,0.352,0.0,0.0
7059,1863,2026-10-04,3,171,161,82.2,0.352,0.0,0.0
7068,1864,2026-10-04,3,171,161,82.2,0.352,0.0,0.0
7077,1865,2026-10-04,3,171,161,82.2,0.352,0.0,0.0
7086,1866,2026-10-04,3,171,161,82.2,0.352,0.0,0.0
7095,1867,2026-10-04,3,171,161,82.2,0.352,0.0,0.0
7104,1868,2026-10-04,3,171,161,82.2,0.352,0.0,0.0
7111,1869,2026-10-04,3,171,161,82.2,0.352,0.0,0.0
7116,1870,2026-10-04,3,171,161,82.2,0.352,0.0,0.0
7126,1871,2026-10-04,3,171,161,82.2,0.352,0.15,0.0
7129,1872,2026-10-04,3,171,161,82.2,0.352,0.15,0.0
7139,1873,2026-10-04,3,171,161,82.2,0.352,1.02,0.0
7147,1874,2026-10-04,3,171,161,82.2,0.352,1.66,0.0
7154,1875,2026-10-04,3,171,161,82.2,0.352,1.66,0.0
7161,1876,2026-10-04,3,171,161,82.2,0.352,1.66,0.0
7168,1877,2026-10-04,3,171,161,82.2,0.352,1.66,0.0
7175,1878,2026-10-04,3,171,161,82.2,0.352,1.66,0.0
7180,1879,2026-10-04,3,171,161,82.2,0.352,1.66,0.0
7185,1880,2026-10-04,3,171,161,82.2,0.352,1.66,0.0
7190,1881,2026-10-04,3,171,161,82.2,0.352,1.66,0.0
7195,1882,2026-10-04,3,171,161,82.2,0.352,1.66,0.0
7200,1883,2026-10-04,3,171,161,82.2,0.352,1.66,0.0
7208,1884,2026-10-04,3,171,161,82.2,0.352,1.9,0.0
7211,1885,2026-10-04,3,171,161,82.2,0.352,1.9,0.0
7214,1886,2026-10-04,3,171,161,82.2,0.352,1.9,0.0
7223,1887,2026-10-04,3,171,161,82.2,0.352,1.9,0.0
7226,1888,2026-10-04,3,171,161,82.2,0.352,1.9,0.0
7236,1889,2026-10-04,3,171,161,82.2,0.352,1.9,0.0
7239,1890,2026-10-04,3,171,161,82.2,0.352,1.9,0.0
7249,1891,2026-10-04,3,171,161,82.2,0.352,2.4,0.0
7256,1892,2026-10-04,3,171,161,82.2,0.352,2.4,0.0
7264,1893,2026-10-04,3,171,161,82.2,0.352,2.8,0.0
7275,1894,2026-10-04,3,171,161,82.2,0.352,2.8,0.0
7283,1895,2026-10-04,3,171,161,82.2,0.352,3.26,0.0
7288,1896,2026-10-04,3,171,161,82.2,0.352,3.26,0.0
7295,1897,2026-10-04,3,171,161,82.2,0.352,3.26,0.0
7302,1898,2026-10-04,3,171,161,82.2,0.352,3.26,0.0
7309,1899,2026-10-04,3,171,161,82.2,0.352,3.26,0.0
7317,1900,2026-10-04,3,171,161,82.2,0.352,3.76,0.0
7326,1901,2026-10-04,3,171,161,82.2,0.352,3.76,0.0
7334,1902,2026-10-04,3,171,161,82.2,0.352,4.13,0.0
7339,1903,2026-10-04,3,171,161,82.2,0.352,4.13,0.0
7342,1904,2026-10-04,3,171,161,82.2,0.352,4.13,0.0
7349,1905,2026-10-04,3,171,161,82.2,0.352,4.13,0.0
7357,1906,2026-10-04,3,171,161,82.2,0.352,4.89,0.0
7364,1907,2026-10-04,3,171,161,82.2,0.352,4.89,0.0
7369,1908,2026-10-04,3,171,161,82.2,0.352,4.89,0.0
7374,1909,2026-10-04,3,171,161,82.2,0.352,4.89,0.0
7377,1910,2026-10-04,3,171,161,82.2,0.352,4.89,0.0
7385,1911,2026-10-04,3,171,161,82.2,0.352,5.29,0.0
7394,1912,2026-10-04,3,171,161,82.2,0.352,5.29,0.0
7402,1913,2026-10-04,3,171,161,82.2,0.352,5.4,0.0
7411,1914,2026-10-04,3,171,161,82.2,0.352,5.4,0.0
7413,1915,2026-10-04,3,171,161,82.2,0.352,5.4,0.0
7416,1916,2026-10-04,3,171,161,82.2,0.352,5.4,0.0
7424,1917,2026-10-04,3,171,161,82.2,0.352,6.21,0.0
7432,1918,2026-10-04,3,171,161,82.2,0.352,6.77,0.0
7436,1919,2026-10-04,3,171,161,82.2,0.352,6.77,0.0
7443,1920,2026-10-04,3,171,161,82.2,0.352,6.77,0.0
7448,1921,2026-10-04,3,171,161,82.2,0.352,6.77,0.0
7453,1922,2026-10-04,3,171,161,82.2,0.352,6.77,0.0
7456,1923,2026-10-04,3,171,161,82.2,0.352,6.77,0.0
7464,1924,2026-10-04,3,171,161,82.2,0.352,7.09,0.0
7469,1925,2026-10-04,3,171,161,82.2,0.352,7.09,0.0
7476,1926,2026-10-04,3,171,161,82.2,0.352,7.09,0.0
7486,1927,2026-10-04,3,171,161,82.2,0.352,7.63,0.0
7494,1928,2026-10-04,3,171,161,82.2,0.352,7.83,0.0
7500,1929,2026-10-04,3,171,161,82.2,0.352,7.93,0.0
7507,1930,2026-10-04,3,171,161,82.2,0.352,7.93,0.0
7514,1931,2026-10-04,3,171,161,82.2,0.352,7.93,0.0
7519,1932,2026-10-04,3,171,161,82.2,0.352,7.93,0.0
7524,1933,2026-10-04,3,171,161,82.2,0.352,7.93,0.0
7529,1934,2026-10-04,3,171,161,82.2,0.352,7.93,0.0
7535,1935,2026-10-04,3,171,161,82.2,0.352,8.15,0.0
7542,1936,2026-10-04,3,171,161,82.2,0.352,8.15,0.0
7552,1937,2026-10-04,3,171,161,82.2,0.352,8.59,0.0
7558,1938,2026-10-04,3,171,161,82.2,0.352,8.73,0.0
7563,1939,2026-10-04,3,171,161,82.2,0.352,8.73,0.0
7571,1940,2026-10-04,3,171,161,82.2,0.352,8.88,0.0
7577,1941,2026-10-04,3,171,161,82.2,0.352,9.54,0.0
7584,1942,2026-10-04,3,171,161,82.2,0.352,9.54,0.0
7589,1943,2026-10-04,3,171,161,82.2,0.352,9.54,0.0
7594,1944,2026-10-04,3,171,161,82.2,0.352,9.54,0.0
7601,1945,2026-10-04,3,171,161,82.2,0.352,9.54,0.0
7610,1946,2026-10-04,3,171,161,82.2,0.352,9.54,0.0
7613,1947,2026-10-04,3,171,161,82.2,0.352,9.54,0.0
7623,1948,2026-10-04,3,171,161,82.2,0.352,9.64,0.0
7633,1949,2026-10-04,3,171,161,82.2,0.352,10.34,0.0
7639,1950,2026-10-04,3,171,161,82.2,0.352,10.46,0.0
7645,1951,2026-10-04,3,171,161,82.2,0.352,10.46,0.0
7652,1952,2026-10-04,3,171,161,82.2,0.352,10.46,0.0
7657,1953,2026-10-04,3,171,161,82.2,0.352,10.46,0.0
7664,1954,2026-10-04,3,171,161,82.2,0.352,10.46,0.0
7670,1955,2026-10-04,3,171,161,82.2,0.352,10.46,0.0
7675,1956,2026-10-04,3,171,161,82.2,0.352,10.46,0.0
7682,1957,2026-10-04,3,171,161,82.2,0.352,10.46,0.0
7685,1958,2026-10-04,3,171,161,82.2,0.352,10.46,0.0
7692,1959,2026-10-04,3,171,161,82.2,0.352,10.46,0.0
7702,1960,2026-10-04,3,171,161,82.2,0.352,11.55,0.0
7707,1961,2026-10-04,3,171,161,82.2,0.352,11.55,0.0
7710,1962,2026-10-04,3,171,161,82.2,0.352,11.55,0.0
7714,1963,2026-10-04,3,171,161,82.2,0.352,11.86,0.0
7719,1964,2026-10-04,3,171,161,82.2,0.352,11.86,0.0
7725,1965,2026-10-04,3,171,161,82.2,0.352,12.31,0.0
7730,1966,2026-10-04,3,171,161,82.2,0.352,12.31,0.0
7735,1967,2026-10-04,3,171,161,82.2,0.352,12.31,0.0
7744,1968,2026-10-04,3,171,161,82.2,0.352,12.31,0.0
7750,1969,2026-10-04,3,171,161,82.2,0.352,12.31,0.0
7757,1970,2026-10-04,3,171,161,82.2,0.352,12.31,0.0
7765,1971,2026-10-04,3,171,161,82.2,0.352,13.28,0.0
7769,1972,2026-10-04,3,171,161,82.2,0.352,13.28,0.0
7778,1973,2026-10-04,3,171,161,82.2,0.352,13.28,0.0
7781,1974,2026-10-04,3,171,161,82.2,0.352,13.28,0.0
7787,1975,2026-10-04,3,171,161,82.2,0.352,13.93,0.0
7791,1976,2026-10-04,3,171,161,82.2,0.352,14.54,0.0
7794,1977,2026-10-04,3,171,161,82.2,0.352,14.54,0.0
7799,1978,2026-10-04,3,171,161,82.2,0.352,14.54,0.0
7803,1979,2026-10-04,3,171,161,82.2,0.352,15.1,0.0
7811,1980,2026-10-04,3,171,161,82.2,0.352,15.6,0.0
7819,1981,2026-10-04,3,171,161,82.2,0.352,15.86,0.0
7824,1982,2026-10-04,3,171,161,82.2,0.352,15.86,0.0
7831,1983,2026-10-04,3,171,161,82.2,0.352,15.86,0.0
7834,1984,2026-10-04,3,171,161,82.2,0.352,15.86,0.0
7841,1985,2026-10-04,3,171,161,82.2,0.352,15.86,0.0
7845,1986,2026-10-04,3,171,161,82.2,0.352,15.86,0.0
7853,1987,2026-10-04,3,171,161,82.2,0.352,16.28,0.0
7856,1988,2026-10-04,3,171,161,82.2,0.352,16.28,0.0
7863,1989,2026-10-04,3,171,161,82.2,0.352,16.28,0.0
7868,1990,2026-10-04,3,171,161,82.2,0.352,16.28,0.0
7874,1991,2026-10-04,3,171,161,82.2,0.352,16.32,0.0
7879,1992,2026-10-04,3,171,161,82.2,0.352,16.32,0.0
7885,1993,2026-10-04,3,171,161,82.2,0.352,16.75,0.0
7892,1994,2026-10-04,3,171,161,82.2,0.352,16.75,0.0
7900,1995,2026-10-04,3,171,161,82.2,0.352,17.36,0.0
7907,1996,2026-10-04,3,171,161,82.2,0.352,17.36,0.0
7912,1997,2026-10-04,3,171,161,82.2,0.352,17.82,0.0
7916,1998,2026-10-04,3,171,161,82.2,0.352,17.82,0.0
7927,1999,2026-10-04,3,171,161,82.2,0.352,17.82,0.0
7933,2000,2026-10-04,3,171,161,82.2,0.352,18.45,0.0
7938,2001,2026-10-04,3,171,161,82.2,0.352,18.45,0.0
7944,2002,2026-10-04,3,171,161,82.2,0.352,18.65,0.0
7949,2003,2026-10-04,3,171,161,82.2,0.352,18.65,0.0
7954,2004,2026-10-04,3,171,161,82.2,0.352,18.65,0.0
7960,2005,2026-10-04,3,171,161,82.2,0.352,19.06,0.0
7967,2006,2026-10-04,3,171,161,82.2,0.352,19.06,0.0
7974,2007,2026-10-04,3,171,161,82.2,0.352,19.06,0.0
7981,2008,2026-10-04,3,171,161,82.2,0.352,19.06,0.0
7988,2009,2026-10-04,3,171,161,82.2,0.352,19.06,0.0
7996,2010,2026-10-04,3,171,161,82.2,0.352,19.32,0.0
8000,2011,2026-10-04,3,171,161,82.2,0.352,19.32,0.0
8007,2012,2026-10-04,3,171,161,82.2,0.352,19.32,0.0
8017,2013,2026-10-04,3,171,161,82.2,0.352,19.67,0.0
8024,2014,2026-10-04,3,171,161,82.2,0.352,19.67,0.0
8029,2015,2026-10-04,3,171,161,82.2,0.352,19.67,0.0
8033,2016,2026-10-04,3,171,161,82.2,0.352,19.89,0.0
8036,2017,2026-10-04,3,171,161,82.2,0.352,19.89,0.0
8039,2018,2026-10-04,3,171,161,82.2,0.352,19.89,0.0
8046,2019,2026-10-04,3,171,161,82.2,0.352,19.89,0.0
8056,2020,2026-10-04,3,171,161,82.2,0.352,20.14,0.0
8061,2021,2026-10-04,3,171,161,82.2,0.352,20.14,0.0
8070,2022,2026-10-04,3,171,161,82.2,0.352,20.14,0.0
8073,2023,2026-10-04,3,171,161,82.2,0.352,20.14,0.0
8077,2024,2026-10-04,3,171,161,82.2,0.352,20.14,0.0
8084,2025,2026-10-04,3,171,161,82.2,0.352,20.14,0.0
8087,2026,2026-10-04,3,171,161,82.2,0.352,20.14,0.0
8092,2027,2026-10-04,3,171,161,82.2,0.352,20.14,0.0
8098,2028,2026-10-04,3,171,161,82.2,0.352,20.14,0.0
8103,2029,2026-10-04,3,171,161,82.2,0.352,20.14,0.0
8113,2030,2026-10-04,3,171,161,82.2,0.352,20.87,0.0
8117,2031,2026-10-04,3,171,161,82.2,0.352,22.24,0.0
8120,2032,2026-10-04,3,171,161,82.2,0.352,22.24,0.0
8123,2033,2026-10-04,3,171,161,82.2,0.352,22.24,0.0
8125,2034,2026-10-04,3,171,161,82.2,0.352,22.24,0.0
8128,2035,2026-10-04,3,171,161,82.2,0.352,22.24,0.0
8131,2036,2026-10-04,3,171,161,82.2,0.352,22.24,0.0
8134,2037,2026-10-04,3,171,161,82.2,0.352,22.24,0.0
8139,2038,2026-10-04,3,171,161,82.2,0.352,22.24,0.0
8144,2039,2026-10-04,3,171,161,82.2,0.352,22.24,0.0
8148,2040,2026-10-04,3,171,161,82.2,0.352,22.39,0.0
8151,2041,2026-10-04,3,171,161,82.2,0.352,22.39,0.0
8152,2042,2026-10-04,3,171,161,82.2,0.352,22.39,0.0
8153,2043,2026-10-04,3,171,161,82.2,0.352,22.39,0.0
8156,2044,2026-10-04,3,171,161,82.2,0.352,22.39,0.0
8157,2045,2026-10-04,3,171,161,82.2,0.352,22.39,0.0
8159,2046,2026-10-04,3,171,161,82.2,0.352,22.63,0.0
8160,2047,2026-10-04,3,171,161,82.2,0.352,22.63,0.0
8161,2048,2026-10-04,3,171,161,82.2,0.352,22.63,0.0
8162,2049,2026-10-04,3,171,161,82.2,0.352,22.63,0.0
8163,2050,2026-10-04,3,171,161,82.2,0.352,22.63,0.0
8164,2051,2026-10-04,3,171,161,82.2,0.352,22.63,0.0
8165,2052,2026-10-04,3,171,161,82.2,0.352,22.63,0.0
8166,2053,2026-10-04,3,171,161,82.2,0.352,22.63,0.0
8167,2054,2026-10-04,3,171,161,82.2,0.352,22.63,0.0
8168,2055,2026-10-04,3,171,161,82.2,0.352,22.63,0.0
8169,2056,2026-10-04,3,171,161,82.2,0.352,22.63,0.0
8170,2057,2026-10-04,3,171,161,82.2,0.352,22.63,0.0
8171,2058,2026-10-04,3,171,161,82.2,0.352,22.63,0.0
8172,2059,2026-10-04,3,171,161,82.2,0.352,22.63,0.0
8173,2060,2026-10-04,3,171,161,82.2,0.352,22.63,0.0
8174,2061,2026-10-04,3,171,161,82.2,0.352,22.63,0.0
8175,2062,2026-10-04,3,171,161,82.2,0.352,22.63,0.0
8176,2063,2026-10-04,3,171,161,82.2,0.352,22.63,0.0
8177,2064,2026-10-04,3,171,161,82.2,0.352,22.63,0.0
8178,2065,2026-10-04,3,171,161,82.2,0.352,22.63,0.0
8179,2066,2026-10-04,3,171,161,82.2,0.352,22.63,0.0
8180,2067,2026-10-04,3,171,161,82.2,0.352,22.63,0.0
8181,2068,2026-10-04,3,171,161,82.2,0.352,22.63,0.0
8182,2069,2026-10-04,3,171,161,82.2,0.352,22.63,0.0
8183,2070,2026-10-04,3,171,161,82.2,0.352,22.63,0.0
8184,2071,2026-10-04,3,171,161,82.2,0.352,22.63,0.0
8185,2072,2026-10-04,3,171,161,82.2,0.352,22.63,0.0
8186,2073,2026-10-04,3,171,161,82.2,0.352,22.63,0.0
8187,2074,2026-10-04,3,171,161,82.2,0.352,22.63,0.0
8188,2075,2026-10-04,3,171,161,82.2,0.352,22.63,0.0
8189,2076,2026-10-04,3,171,161,82.2,0.352,22.63,0.0
8201,2086,2026-10-04,3,171,161,82.2,0.352,22.63,0.0
8203,2087,2026-10-04,3,171,161,82.2,0.352,22.63,0.0
8205,2088,2026-10-04,3,171,161,82.2,0.352,22.63,0.0
8210,2089,2026-10-04,3,171,145,82.2,0.352,22.63,0.0
8212,2090,2026-10-04,3,171,145,82.2,0.352,22.63,0.0
8217,2091,2026-10-04,3,171,145,82.2,0.352,22.63,0.0
8220,2092,2026-10-04,3,171,145,82.2,0.352,22.63,0.0
8223,2093,2026-10-04,3,171,151,82.2,0.352,22.63,0.0
8228,2094,2026-10-04,3,171,151,82.2,0.352,22.63,0.0
8231,2095,2026-10-04,3,171,151,82.2,0.352,22.63,0.0
8235,2096,2026-10-04,3,171,161,82.2,0.352,22.63,0.0
8239,2097,2026-10-04,3,171,161,82.2,0.352,22.63,0.0
8243,2098,2026-10-04,3,171,161,82.2,0.352,22.63,0.0
8253,2099,2026-10-04,3,171,161,82.2,0.352,22.63,0.0
8256,2100,2026-10-04,3,171,161,82.2,0.352,22.63,0.0
8265,2101,2026-10-04,3,171,161,82.2,0.352,22.63,0.0
8267,2102,2026-10-04,3,171,161,82.2,0.352,22.63,0.0
8274,2103,2026-10-04,3,171,161,82.2,0.352,22.63,0.0
8276,2104,2026-10-04,3,171,161,82.2,0.352,22.63,0.0
8281,2105,2026-10-04,3,171,161,82.2,0.352,22.63,0.0
8283,2106,2026-10-04,3,171,161,82.2,0.352,22.63,0.0
8286,2107,2026-10-04,3,171,161,82.2,0.352,22.63,0.0
8288,2108,2026-10-04,3,171,161,82.2,0.352,22.63,0.0
8289,2109,2026-10-04,3,171,161,82.2,0.352,22.63,0.0
8290,2110,2026-10-04,3,171,161,82.2,0.352,22.63,0.0
8293,2111,2026-10-04,3,171,161,82.2,0.352,22.63,0.0
8296,2112,2026-10-04,3,171,161,82.2,0.352,22.63,0.0
8299,2113,2026-10-04,3,171,161,82.2,0.352,22.63,0.0
8302,2114,2026-10-04,3,171,161,82.2,0.352,22.63,0.0
8305,2115,2026-10-04,3,171,161,82.2,0.352,22.63,0.0
8308,2116,2026-10-04,3,171,161,82.2,0.352,22.63,0.0
8311,2117,2026-10-04,3,171,161,82.2,0.352,22.63,0.0
8314,2118,2026-10-04,3,171,161,82.2,0.352,22.63,0.0
8315,2119,2026-10-04,3,171,161,82.2,0.352,22.63,0.0
8318,2120,2026-10-04,3,171,161,82.2,0.352,22.63,0.0
8321,2121,2026-10-04,3,171,161,82.2,0.352,22.63,0.0
8324,2122,2026-10-04,3,171,161,82.2,0.352,22.63,0.0
8327,2123,2026-10-04,3,171,161,82.2,0.352,22.63,0.0
8330,2124,2026-10-04,3,171,161,82.2,0.352,22.63,0.0
8333,2125,2026-10-04,3,171,161,82.2,0.352,22.63,0.0
8336,2126,2026-10-04,3,171,161,82.2,0.352,22.63,0.0
8342,2127,2026-10-04,3,171,161,82.2,0.352,22.63,0.0
8344,2128,2026-10-04,3,171,161,82.2,0.352,22.63,0.0
